subject,grade,strand,topic,skill,questionCount,sampleQuestionIds,proposedCodes,codeLabels,confidence,rationale,status
language_conventions,3,Conventions of language,Articles,Articles,10,"gen-lang-article-00369, gen-lang-article-00377",VC2E3LY12,"Editing and proofreading for structure, grammar and punctuation",medium,Language conventions mechanics mapped to editing and proofreading (VC2E3LY12).,mapped
language_conventions,3,Grammar,Parts of speech,Identify a verb in a sentence,1,naplan-y3-language-f1-008,VC2E3LY12,"Editing and proofreading for structure, grammar and punctuation",medium,Language conventions mechanics mapped to editing and proofreading (VC2E3LY12).,mapped
language_conventions,3,Grammar,Prepositions,Choosing the correct preposition of place,1,naplan-y3-language-dd-010,VC2E3LY12,"Editing and proofreading for structure, grammar and punctuation",medium,Language conventions mechanics mapped to editing and proofreading (VC2E3LY12).,mapped
language_conventions,3,Syntax,Articles,"Using the articles a, an and the",1,icas-y3-language-c-005,VC2E3LY12,"Editing and proofreading for structure, grammar and punctuation",medium,Language conventions mechanics mapped to editing and proofreading (VC2E3LY12).,mapped
language_conventions,3,Syntax,Complete sentences and fragments,lang.prod.grammar.complete-sentences,1,g3-icas-lang-fragment-001,VC2E3LY12,"Editing and proofreading for structure, grammar and punctuation",medium,Language conventions mechanics mapped to editing and proofreading (VC2E3LY12).,mapped
language_conventions,3,Syntax,Connectives,Choose the correct connective to join ideas,1,icas-y3-language-f1-005,VC2E3LY12,"Editing and proofreading for structure, grammar and punctuation",medium,Language conventions mechanics mapped to editing and proofreading (VC2E3LY12).,mapped
language_conventions,3,Syntax,Correcting sentences,Judging whether a sentence uses correct grammar,1,icas-y3-language-da-016,VC2E3LY12,"Editing and proofreading for structure, grammar and punctuation",medium,Language conventions mechanics mapped to editing and proofreading (VC2E3LY12).,mapped
language_conventions,3,Syntax,Interrupted direct speech,Punctuate direct speech correctly,1,icas-y3-language-f1-010,VC2E3LY12,"Editing and proofreading for structure, grammar and punctuation",medium,Language conventions mechanics mapped to editing and proofreading (VC2E3LY12).,mapped
language_conventions,3,Syntax,Negatives,Choose the grammatically correct sentence,1,icas-y3-language-f1-013,VC2E3LY12,"Editing and proofreading for structure, grammar and punctuation",medium,Language conventions mechanics mapped to editing and proofreading (VC2E3LY12).,mapped
language_conventions,3,Syntax,Question words,Choosing the correct question word,1,icas-y3-language-c-003,VC2E3LY12,"Editing and proofreading for structure, grammar and punctuation",medium,Language conventions mechanics mapped to editing and proofreading (VC2E3LY12).,mapped
language_conventions,3,Syntax,Word classes,Identifying the verbs in a sentence,1,icas-y3-language-dd-012,VC2E3LY12,"Editing and proofreading for structure, grammar and punctuation",medium,Language conventions mechanics mapped to editing and proofreading (VC2E3LY12).,mapped
language_conventions,3,Syntax,Word order in questions,lang.prod.grammar.question-word-order,1,g3-icas-lang-order-001,VC2E3LY12,"Editing and proofreading for structure, grammar and punctuation",medium,Language conventions mechanics mapped to editing and proofreading (VC2E3LY12).,mapped
numeracy,3,Measurement and geometry,2D shapes,Naming 2D shapes,1,g3-nap-num-geo-002,VC2M3SP02,Two-dimensional mapping and relative spatial positioning,medium,Aligns with 2D shape properties and spatial geometry (VC2M3SP02).,mapped
numeracy,3,Measurement and geometry,Symmetry,Count lines of symmetry in a letter shape,1,naplan-y3-numeracy-db-014,VC2M3SP02,Two-dimensional mapping and relative spatial positioning,medium,Aligns with 2D shape properties and spatial geometry (VC2M3SP02).,mapped
numeracy,3,Number & Arithmetic,Comparing quantities,Reason about how many more are needed,1,icas-y3-numeracy-e1-011,VC2M3N04,Addition and subtraction with two- and three-digit numbers using place-value partitioning,medium,General Grade 3 arithmetic/numeracy problem mapped to place-value arithmetic operations (VC2M3N04).,mapped
numeracy,3,Space & Geometry,2D shapes,Identifying a 2D shape from its properties,1,icas-y3-num-measure-008,VC2M3SP02,Two-dimensional mapping and relative spatial positioning,medium,Aligns with 2D shape properties and spatial geometry (VC2M3SP02).,mapped
numeracy,3,Space & Geometry,Polygons,Naming polygons by side count,1,g3-icas-math-geo-002,VC2M3SP02,Two-dimensional mapping and relative spatial positioning,medium,Aligns with 2D shape properties and spatial geometry (VC2M3SP02).,mapped
numeracy,3,Space & Geometry,Properties of shapes,Identifying curved and straight sides,1,g3-icas-math-geo-001,VC2M3SP02,Two-dimensional mapping and relative spatial positioning,medium,Aligns with 2D shape properties and spatial geometry (VC2M3SP02).,mapped
numeracy,3,Space & Geometry,Symmetry,Counting lines of symmetry in a figure,1,icas-y3-num-measure-009,VC2M3SP02,Two-dimensional mapping and relative spatial positioning,medium,Aligns with 2D shape properties and spatial geometry (VC2M3SP02).,mapped
numeracy,3,Space & Geometry,Symmetry of 2D shapes,Counting lines of symmetry of a shape,1,icas-y3-numeracy-dc-011,VC2M3SP02,Two-dimensional mapping and relative spatial positioning,medium,Aligns with 2D shape properties and spatial geometry (VC2M3SP02).,mapped
language_conventions,5,Conventions of language,Articles,Articles,8,"gen-lang-article-01081, gen-lang-article-01089",VC2E5LY11,Collaborative and independent text editing against quality criteria,medium,Language conventions mechanics mapped to collaborative and independent text editing (VC2E5LY11).,mapped
language_conventions,5,Conventions of language,Homophones,Homophones,13,"gen-lang-homo-01077, gen-lang-homo-01085",VC2E5LY11,Collaborative and independent text editing against quality criteria,medium,Language conventions mechanics mapped to collaborative and independent text editing (VC2E5LY11).,mapped
language_conventions,5,Conventions of language,Plurals,Plurals,11,"gen-lang-plural-01078, gen-lang-plural-01086",VC2E5LY11,Collaborative and independent text editing against quality criteria,medium,Language conventions mechanics mapped to collaborative and independent text editing (VC2E5LY11).,mapped
language_conventions,5,Conventions of language,Verb tense,Verb tense,12,"gen-lang-tense-01079, gen-lang-tense-01095",VC2E5LY11,Collaborative and independent text editing against quality criteria,medium,Language conventions mechanics mapped to collaborative and independent text editing (VC2E5LY11).,mapped
numeracy,5,Measurement and geometry,Parts of a circle,Naming parts of a circle,1,g5-nap-num-geo-003,VC2M5N09,Mathematical modelling in practical additive and multiplicative problem solving,medium,Practical problem solving mapped to mathematical modelling in additive/multiplicative contexts (VC2M5N09).,mapped
numeracy,5,Measures & Units,Scale,Use a map scale,1,g5-icas-math-b01-026,VC2M5N09,Mathematical modelling in practical additive and multiplicative problem solving,medium,Practical problem solving mapped to mathematical modelling in additive/multiplicative contexts (VC2M5N09).,mapped
numeracy,5,Measures & Units,Volume,Order a method,1,g5-icas-math-b01-036,VC2M5N09,Mathematical modelling in practical additive and multiplicative problem solving,medium,Practical problem solving mapped to mathematical modelling in additive/multiplicative contexts (VC2M5N09).,mapped
numeracy,5,Number & Arithmetic,Generalisation,Identify invariant parity,1,g5-icas-math-b01-035,VC2M5N09,Mathematical modelling in practical additive and multiplicative problem solving,medium,Practical problem solving mapped to mathematical modelling in additive/multiplicative contexts (VC2M5N09).,mapped
numeracy,5,Number & Arithmetic,Multi-step operations,Combine subtraction and addition,1,g5-icas-math-b01-014,VC2M5N09,Mathematical modelling in practical additive and multiplicative problem solving,medium,Practical problem solving mapped to mathematical modelling in additive/multiplicative contexts (VC2M5N09).,mapped
numeracy,5,Number & Arithmetic,Operations,Evaluate expressions,2,"g5-icas-math-b01-009, g5-icas-math-b01-018",VC2M5N09,Mathematical modelling in practical additive and multiplicative problem solving,medium,Practical problem solving mapped to mathematical modelling in additive/multiplicative contexts (VC2M5N09).,mapped
numeracy,5,Number & Arithmetic,Operations,Order calculation results,1,g5-icas-math-b01-025,VC2M5N09,Mathematical modelling in practical additive and multiplicative problem solving,medium,Practical problem solving mapped to mathematical modelling in additive/multiplicative contexts (VC2M5N09).,mapped
numeracy,5,Number & Arithmetic,Parity,Classify whole numbers,1,g5-icas-math-b01-011,VC2M5N09,Mathematical modelling in practical additive and multiplicative problem solving,medium,Practical problem solving mapped to mathematical modelling in additive/multiplicative contexts (VC2M5N09).,mapped
numeracy,5,Number & Arithmetic,Place value,Add a power of ten,1,g5-icas-math-b01-001,VC2M5N09,Mathematical modelling in practical additive and multiplicative problem solving,medium,Practical problem solving mapped to mathematical modelling in additive/multiplicative contexts (VC2M5N09).,mapped
numeracy,5,Number & Arithmetic,Place value,Use digit constraints,1,g5-icas-math-b01-033,VC2M5N09,Mathematical modelling in practical additive and multiplicative problem solving,medium,Practical problem solving mapped to mathematical modelling in additive/multiplicative contexts (VC2M5N09).,mapped
numeracy,5,Number & Arithmetic,Properties,Match number properties,1,g5-icas-math-b01-038,VC2M5N09,Mathematical modelling in practical additive and multiplicative problem solving,medium,Practical problem solving mapped to mathematical modelling in additive/multiplicative contexts (VC2M5N09).,mapped
numeracy,5,Number & Arithmetic,Rounding,Use a rounding interval,1,g5-icas-math-b01-016,VC2M5N09,Mathematical modelling in practical additive and multiplicative problem solving,medium,Practical problem solving mapped to mathematical modelling in additive/multiplicative contexts (VC2M5N09).,mapped
numeracy,5,Number and Algebra,Addition,Addition,38,"gen-num-add-00667, gen-num-add-00675",VC2M5N09,Mathematical modelling in practical additive and multiplicative problem solving,medium,Practical problem solving mapped to mathematical modelling in additive/multiplicative contexts (VC2M5N09).,mapped
numeracy,5,Number and Algebra,Comparing numbers,Comparing numbers,16,"gen-num-compare-00877, gen-num-compare-00879",VC2M5N09,Mathematical modelling in practical additive and multiplicative problem solving,medium,Practical problem solving mapped to mathematical modelling in additive/multiplicative contexts (VC2M5N09).,mapped
numeracy,5,Number and Algebra,Number lines,Number lines,5,"gen-num-nl-00970, gen-num-nl-00972",VC2M5N09,Mathematical modelling in practical additive and multiplicative problem solving,medium,Practical problem solving mapped to mathematical modelling in additive/multiplicative contexts (VC2M5N09).,mapped
numeracy,5,Number and Algebra,Place value,Place value,16,"gen-num-place-00878, gen-num-place-00880",VC2M5N09,Mathematical modelling in practical additive and multiplicative problem solving,medium,Practical problem solving mapped to mathematical modelling in additive/multiplicative contexts (VC2M5N09).,mapped
numeracy,5,Number and Algebra,Rounding,Rounding,36,"gen-num-round-00672, gen-num-round-00680",VC2M5N09,Mathematical modelling in practical additive and multiplicative problem solving,medium,Practical problem solving mapped to mathematical modelling in additive/multiplicative contexts (VC2M5N09).,mapped
numeracy,5,Number and Algebra,Subtraction,Subtraction,38,"gen-num-sub-00668, gen-num-sub-00676",VC2M5N09,Mathematical modelling in practical additive and multiplicative problem solving,medium,Practical problem solving mapped to mathematical modelling in additive/multiplicative contexts (VC2M5N09).,mapped
language_conventions,3,Conventions of language,Homophones,Homophones,13,"gen-lang-homo-00370, gen-lang-homo-00378",VC2E3LY06,"High-frequency word recognition, homophones and spelling",high,"Aligns with high-frequency word recognition, homophones and spelling (VC2E3LY06).",mapped
language_conventions,3,Conventions of language,Plurals,Plurals,12,"gen-lang-plural-00366, gen-lang-plural-00374",VC2E3LY04,"Morphological awareness: base words, prefixes, suffixes and spelling rules",high,"Aligns with morphological awareness: base words, prefixes, suffixes and spelling rules (VC2E3LY04).",mapped
language_conventions,3,Conventions of language,Punctuation,Punctuation,13,"gen-lang-punct-00367, gen-lang-punct-00375",VC2E3LY12,"Editing and proofreading for structure, grammar and punctuation",high,"Aligns with editing and proofreading for structure, grammar and punctuation (VC2E3LY12).",mapped
language_conventions,3,Conventions of language,Spelling,Spelling,13,"gen-lang-spell-00364, gen-lang-spell-00372",VC2E3LY05,Spelling complex and less common grapheme patterns,high,Aligns with spelling complex and less common grapheme patterns (VC2E3LY05).,mapped
language_conventions,3,Conventions of language,Verb tense,Verb tense,11,"gen-lang-tense-00365, gen-lang-tense-00373",VC2E3LA08,Tense consistency and temporal anchoring of verbs,high,Aligns with tense consistency and temporal anchoring of verbs (VC2E3LA08).,mapped
language_conventions,3,Grammar,Adjectives,Comparative adjectives (-er),1,naplan-y3-language-db-006,VC2E3LA06,Clause structures and grammatical relationships in sentences,high,Aligns with clause structures and grammatical relationships in sentences (VC2E3LA06).,mapped
language_conventions,3,Grammar,Adjectives,Using superlative adjectives (-est),1,naplan-y3-language-dd-001,VC2E3LA06,Clause structures and grammatical relationships in sentences,high,Aligns with clause structures and grammatical relationships in sentences (VC2E3LA06).,mapped
language_conventions,3,Grammar,Adjectives and adverbs,Identifying an adverb of manner in a sentence,1,naplan-y3-language-da-012,VC2E3LA06,Clause structures and grammatical relationships in sentences,high,Aligns with clause structures and grammatical relationships in sentences (VC2E3LA06).,mapped
language_conventions,3,Grammar,Adverbs,Recognising adverbs,1,g3-nap-lang-adverb-001,VC2E3LA06,Clause structures and grammatical relationships in sentences,high,Aligns with clause structures and grammatical relationships in sentences (VC2E3LA06).,mapped
language_conventions,3,Grammar,Articles,Using 'a' and 'an' before nouns,1,naplan-y3-language-db-002,VC2E3LA06,Clause structures and grammatical relationships in sentences,high,Aligns with clause structures and grammatical relationships in sentences (VC2E3LA06).,mapped
language_conventions,3,Grammar,Conjunctions,Matching conjunctions to their function,1,naplan-y3-language-da-013,VC2E3LA06,Clause structures and grammatical relationships in sentences,high,Aligns with clause structures and grammatical relationships in sentences (VC2E3LA06).,mapped
language_conventions,3,Grammar,Consistent verb tense,Keep verb tense consistent within a sentence,1,naplan-y3-language-f1-006,VC2E3LA08,Tense consistency and temporal anchoring of verbs,high,Aligns with tense consistency and temporal anchoring of verbs (VC2E3LA08).,mapped
language_conventions,3,Grammar,Grammar,lang.prod.grammar.irregular-plurals,2,"man-a8240b4e5de818527aca377b, man-de38ddae0b57f3ab5e9b7426",VC2E3LY04,"Morphological awareness: base words, prefixes, suffixes and spelling rules",high,"Aligns with morphological awareness: base words, prefixes, suffixes and spelling rules (VC2E3LY04).",mapped
language_conventions,3,Grammar,Grammar,lang.prod.grammar.subject-verb-agreement,3,"man-360320684b50e4ac4970b373, man-a80047918def6193d5bb63e7",VC2E3LA06,Clause structures and grammatical relationships in sentences,high,Aligns with clause structures and grammatical relationships in sentences (VC2E3LA06).,mapped
language_conventions,3,Grammar,Grammar,lang.prod.grammar.verb-tense,2,"man-64201fc8b6c1343f17e868be, man-8feadd8596961a7c2dbf06ff",VC2E3LA08,Tense consistency and temporal anchoring of verbs,high,Aligns with tense consistency and temporal anchoring of verbs (VC2E3LA08).,mapped
language_conventions,3,Grammar,Grammar,lit.grammar.subject-verb-agreement,2,"man-812b7ccea04a50350d827a4f, man-9023db8469977d6d65af7470",VC2E3LA06,Clause structures and grammatical relationships in sentences,high,Aligns with clause structures and grammatical relationships in sentences (VC2E3LA06).,mapped
language_conventions,3,Grammar,Irregular plurals,Forming irregular plural nouns,1,g3-nap-lang-plural-001,VC2E3LY04,"Morphological awareness: base words, prefixes, suffixes and spelling rules",high,"Aligns with morphological awareness: base words, prefixes, suffixes and spelling rules (VC2E3LY04).",mapped
language_conventions,3,Grammar,Nouns and verbs,Sorting nouns and verbs,1,g3-nap-lang-wordsort-001,VC2E3LA06,Clause structures and grammatical relationships in sentences,high,Aligns with clause structures and grammatical relationships in sentences (VC2E3LA06).,mapped
language_conventions,3,Grammar,Parts of speech,Identify a pronoun in a sentence,1,naplan-y3-language-f1-009,VC2E3LA06,Clause structures and grammatical relationships in sentences,high,Aligns with clause structures and grammatical relationships in sentences (VC2E3LA06).,mapped
language_conventions,3,Grammar,Parts of speech,"Identifying nouns, verbs and adjectives",1,naplan-y3-language-db-007,VC2E3LA06,Clause structures and grammatical relationships in sentences,high,Aligns with clause structures and grammatical relationships in sentences (VC2E3LA06).,mapped
language_conventions,3,Grammar,Pronouns,Choosing the correct subject pronoun (we),1,naplan-y3-language-dd-002,VC2E3LA06,Clause structures and grammatical relationships in sentences,high,Aligns with clause structures and grammatical relationships in sentences (VC2E3LA06).,mapped
language_conventions,3,Grammar,Sentence completeness,Ordering words to build a complete question,1,naplan-y3-language-da-016,VC2E3LY12,"Editing and proofreading for structure, grammar and punctuation",high,"Aligns with editing and proofreading for structure, grammar and punctuation (VC2E3LY12).",mapped
language_conventions,3,Grammar,Sentence structure,Ordering words to build a statement,1,naplan-y3-language-db-008,VC2E3LY12,"Editing and proofreading for structure, grammar and punctuation",high,"Aligns with editing and proofreading for structure, grammar and punctuation (VC2E3LY12).",mapped
language_conventions,3,Grammar,Subject-verb agreement,Match a plural subject to its verb,1,naplan-y3-language-f1-015,VC2E3LY04,"Morphological awareness: base words, prefixes, suffixes and spelling rules",high,"Aligns with morphological awareness: base words, prefixes, suffixes and spelling rules (VC2E3LY04).",mapped
language_conventions,3,Grammar,Subject-verb agreement,Match a singular subject to its verb,1,naplan-y3-language-f1-005,VC2E3LA06,Clause structures and grammatical relationships in sentences,high,Aligns with clause structures and grammatical relationships in sentences (VC2E3LA06).,mapped
language_conventions,3,Grammar,Subject-verb agreement,Matching a plural subject to don't,1,naplan-y3-language-dd-011,VC2E3LY04,"Morphological awareness: base words, prefixes, suffixes and spelling rules",high,"Aligns with morphological awareness: base words, prefixes, suffixes and spelling rules (VC2E3LY04).",mapped
language_conventions,3,Grammar,Subject-verb agreement,Matching a plural subject to its verb,1,naplan-y3-language-da-010,VC2E3LY04,"Morphological awareness: base words, prefixes, suffixes and spelling rules",high,"Aligns with morphological awareness: base words, prefixes, suffixes and spelling rules (VC2E3LY04).",mapped
language_conventions,3,Grammar,Subject-verb agreement,Matching verbs to singular and plural subjects,1,g3-nap-lang-agreement-001,VC2E3LY04,"Morphological awareness: base words, prefixes, suffixes and spelling rules",high,"Aligns with morphological awareness: base words, prefixes, suffixes and spelling rules (VC2E3LY04).",mapped
language_conventions,3,Grammar,Verb agreement,Choosing has or have to match the subject,1,naplan-y3-language-db-011,VC2E3LA06,Clause structures and grammatical relationships in sentences,high,Aligns with clause structures and grammatical relationships in sentences (VC2E3LA06).,mapped
language_conventions,3,Grammar,Verb agreement,Subject-verb agreement (was / were),1,naplan-y3-language-db-005,VC2E3LY12,"Editing and proofreading for structure, grammar and punctuation",high,"Aligns with editing and proofreading for structure, grammar and punctuation (VC2E3LY12).",mapped
language_conventions,3,Grammar,Verb tense,Choosing the correct past tense,1,g3-nap-lang-tense-001,VC2E3LA08,Tense consistency and temporal anchoring of verbs,high,Aligns with tense consistency and temporal anchoring of verbs (VC2E3LA08).,mapped
language_conventions,3,Grammar,Verb tense,Irregular past tense verbs (run - ran),1,naplan-y3-language-db-009,VC2E3LA08,Tense consistency and temporal anchoring of verbs,high,Aligns with tense consistency and temporal anchoring of verbs (VC2E3LA08).,mapped
language_conventions,3,Grammar,Verb tense,Matching verb tense to a past-time signal,1,naplan-y3-language-da-009,VC2E3LA08,Tense consistency and temporal anchoring of verbs,high,Aligns with tense consistency and temporal anchoring of verbs (VC2E3LA08).,mapped
language_conventions,3,Grammar,Verb tense,Using 'will' for the future tense,1,naplan-y3-language-dd-016,VC2E3LA08,Tense consistency and temporal anchoring of verbs,high,Aligns with tense consistency and temporal anchoring of verbs (VC2E3LA08).,mapped
language_conventions,3,Grammar,Word classes,Identifying verbs in a sentence,1,naplan-y3-language-dd-012,VC2E3LA07,"Verb processes for actions, feelings, thoughts and states",high,"Aligns with verb processes for actions, feelings, thoughts and states (VC2E3LA07).",mapped
language_conventions,3,Parts of speech,Parts of speech,lang.prod.parts-of-speech.nouns-and-verbs,2,"man-4b736a487bd8301b4af8e8a9, man-fc9df8a6403652a38d973fd0",VC2E3LA06,Clause structures and grammatical relationships in sentences,high,Aligns with clause structures and grammatical relationships in sentences (VC2E3LA06).,mapped
language_conventions,3,Phonics,Syllables,Counting syllables in a word,1,icas-y3-language-c-014,VC2E3LY05,Spelling complex and less common grapheme patterns,high,Aligns with spelling complex and less common grapheme patterns (VC2E3LY05).,mapped
language_conventions,3,Punctuation,Apostrophes,Forming contractions with n't (didn't),1,naplan-y3-language-db-012,VC2E3LA12,Apostrophes of contraction and possessive apostrophes in singular nouns,high,Aligns with apostrophes of contraction and possessive apostrophes in singular nouns (VC2E3LA12).,mapped
language_conventions,3,Punctuation,Apostrophes,Matching contractions to their full words,1,naplan-y3-language-dd-006,VC2E3LA12,Apostrophes of contraction and possessive apostrophes in singular nouns,high,Aligns with apostrophes of contraction and possessive apostrophes in singular nouns (VC2E3LA12).,mapped
language_conventions,3,Punctuation,Apostrophes for contractions,Form a contraction with a correctly placed apostrophe,1,naplan-y3-language-f1-010,VC2E3LA12,Apostrophes of contraction and possessive apostrophes in singular nouns,high,Aligns with apostrophes of contraction and possessive apostrophes in singular nouns (VC2E3LA12).,mapped
language_conventions,3,Punctuation,Apostrophes for possession,Use an apostrophe to show singular possession,1,naplan-y3-language-f1-011,VC2E3LA12,Apostrophes of contraction and possessive apostrophes in singular nouns,high,Aligns with apostrophes of contraction and possessive apostrophes in singular nouns (VC2E3LA12).,mapped
language_conventions,3,Punctuation,Apostrophes for possession,Using an apostrophe to show singular possession,1,naplan-y3-language-da-005,VC2E3LA12,Apostrophes of contraction and possessive apostrophes in singular nouns,high,Aligns with apostrophes of contraction and possessive apostrophes in singular nouns (VC2E3LA12).,mapped
language_conventions,3,Punctuation,Apostrophes in contractions,Forming contractions with an apostrophe,1,naplan-y3-language-da-004,VC2E3LA12,Apostrophes of contraction and possessive apostrophes in singular nouns,high,Aligns with apostrophes of contraction and possessive apostrophes in singular nouns (VC2E3LA12).,mapped
language_conventions,3,Punctuation,Capital letters,Capital letters for months of the year,1,naplan-y3-language-db-010,VC2E3LY12,"Editing and proofreading for structure, grammar and punctuation",high,"Aligns with editing and proofreading for structure, grammar and punctuation (VC2E3LY12).",mapped
language_conventions,3,Punctuation,Capital letters,Capital letters: sentence start and days of the week,1,naplan-y3-language-db-013,VC2E3LY12,"Editing and proofreading for structure, grammar and punctuation",high,"Aligns with editing and proofreading for structure, grammar and punctuation (VC2E3LY12).",mapped
language_conventions,3,Punctuation,Capital letters,Capitalising proper nouns (names and places),1,naplan-y3-language-dd-009,VC2E3LY12,"Editing and proofreading for structure, grammar and punctuation",high,"Aligns with editing and proofreading for structure, grammar and punctuation (VC2E3LY12).",mapped
language_conventions,3,Punctuation,Capital letters,Capitalising the pronoun I,1,naplan-y3-language-db-015,VC2E3LY12,"Editing and proofreading for structure, grammar and punctuation",high,"Aligns with editing and proofreading for structure, grammar and punctuation (VC2E3LY12).",mapped
language_conventions,3,Punctuation,Capital letters,Use capital letters for sentence starts and proper nouns,1,naplan-y3-language-f1-002,VC2E3LY12,"Editing and proofreading for structure, grammar and punctuation",high,"Aligns with editing and proofreading for structure, grammar and punctuation (VC2E3LY12).",mapped
language_conventions,3,Punctuation,Capital letters,Using capital letters for sentences and proper nouns,1,g3-nap-lang-capitals-001,VC2E3LY12,"Editing and proofreading for structure, grammar and punctuation",high,"Aligns with editing and proofreading for structure, grammar and punctuation (VC2E3LY12).",mapped
language_conventions,3,Punctuation,Capital letters and full stops,Using capital letters and full stops correctly,1,naplan-y3-language-da-001,VC2E3LY12,"Editing and proofreading for structure, grammar and punctuation",high,"Aligns with editing and proofreading for structure, grammar and punctuation (VC2E3LY12).",mapped
language_conventions,3,Punctuation,Commas,Using a comma after an introductory phrase,1,naplan-y3-language-dd-014,VC2E3LY12,"Editing and proofreading for structure, grammar and punctuation",high,"Aligns with editing and proofreading for structure, grammar and punctuation (VC2E3LY12).",mapped
language_conventions,3,Punctuation,Commas in a list,Place commas correctly in a list,1,naplan-y3-language-f1-003,VC2E3LY12,"Editing and proofreading for structure, grammar and punctuation",high,"Aligns with editing and proofreading for structure, grammar and punctuation (VC2E3LY12).",mapped
language_conventions,3,Punctuation,Commas in compound sentences,Use a comma before a joining word in a compound sentence,1,naplan-y3-language-f1-004,VC2E3LY12,"Editing and proofreading for structure, grammar and punctuation",high,"Aligns with editing and proofreading for structure, grammar and punctuation (VC2E3LY12).",mapped
language_conventions,3,Punctuation,Commas in lists,Using commas to separate items in a list,1,naplan-y3-language-da-003,VC2E3LY12,"Editing and proofreading for structure, grammar and punctuation",high,"Aligns with editing and proofreading for structure, grammar and punctuation (VC2E3LY12).",mapped
language_conventions,3,Punctuation,Contractions,Forming contractions with apostrophes,1,g3-nap-lang-contraction-001,VC2E3LA12,Apostrophes of contraction and possessive apostrophes in singular nouns,high,Aligns with apostrophes of contraction and possessive apostrophes in singular nouns (VC2E3LA12).,mapped
language_conventions,3,Punctuation,End punctuation,Choose the correct end mark for a question,1,naplan-y3-language-f1-016,VC2E3LY12,"Editing and proofreading for structure, grammar and punctuation",high,"Aligns with editing and proofreading for structure, grammar and punctuation (VC2E3LY12).",mapped
language_conventions,3,Punctuation,End punctuation,Choose the correct end punctuation for a sentence,1,naplan-y3-language-f1-001,VC2E3LY12,"Editing and proofreading for structure, grammar and punctuation",high,"Aligns with editing and proofreading for structure, grammar and punctuation (VC2E3LY12).",mapped
language_conventions,3,Punctuation,Punctuation,lang.prod.punctuation.capital-letters,2,"man-161f6783e0e5fc88b1299896, man-8aff206d0b3b6eda0bd0d551",VC2E3LY12,"Editing and proofreading for structure, grammar and punctuation",high,"Aligns with editing and proofreading for structure, grammar and punctuation (VC2E3LY12).",mapped
language_conventions,3,Punctuation,Punctuation,lang.prod.punctuation.contractions,2,"man-3b6897fd067acdccbeb81329, man-fbfac93a756ff12990000197",VC2E3LA12,Apostrophes of contraction and possessive apostrophes in singular nouns,high,Aligns with apostrophes of contraction and possessive apostrophes in singular nouns (VC2E3LA12).,mapped
language_conventions,3,Punctuation,Punctuation,lit.grammar.capital-letters,2,"man-2f90ebb111e55f545379c70e, man-8854b0dd233ccc1a56b1c42d",VC2E3LY12,"Editing and proofreading for structure, grammar and punctuation",high,"Aligns with editing and proofreading for structure, grammar and punctuation (VC2E3LY12).",mapped
language_conventions,3,Punctuation,Punctuation,lit.grammar.full-stops-question-marks,2,"man-d001ce723ad9d1726ade297b, man-dcffdb258ee6e1b55bc43017",VC2E3LY12,"Editing and proofreading for structure, grammar and punctuation",high,"Aligns with editing and proofreading for structure, grammar and punctuation (VC2E3LY12).",mapped
language_conventions,3,Punctuation,Question marks,Ending a question with a question mark,1,naplan-y3-language-da-002,VC2E3LY12,"Editing and proofreading for structure, grammar and punctuation",high,"Aligns with editing and proofreading for structure, grammar and punctuation (VC2E3LY12).",mapped
language_conventions,3,Punctuation,Sentence punctuation,Ending a question with a question mark,1,naplan-y3-language-dd-005,VC2E3LY12,"Editing and proofreading for structure, grammar and punctuation",high,"Aligns with editing and proofreading for structure, grammar and punctuation (VC2E3LY12).",mapped
language_conventions,3,Punctuation,Sentence structure,Ordering words to build an exclamation,1,naplan-y3-language-dd-007,VC2E3LY12,"Editing and proofreading for structure, grammar and punctuation",high,"Aligns with editing and proofreading for structure, grammar and punctuation (VC2E3LY12).",mapped
language_conventions,3,Punctuation,Speech marks,Punctuating spoken words with speech marks,1,naplan-y3-language-da-006,VC2E3LY12,"Editing and proofreading for structure, grammar and punctuation",high,"Aligns with editing and proofreading for structure, grammar and punctuation (VC2E3LY12).",mapped
language_conventions,3,Spelling,Common tricky words,Choosing the correctly spelled word (because),1,naplan-y3-language-db-001,VC2E3LY05,Spelling complex and less common grapheme patterns,high,Aligns with spelling complex and less common grapheme patterns (VC2E3LY05).,mapped
language_conventions,3,Spelling,Common word spelling,Choose the correct spelling of a common word,1,naplan-y3-language-f1-013,VC2E3LY06,"High-frequency word recognition, homophones and spelling",high,"Aligns with high-frequency word recognition, homophones and spelling (VC2E3LY06).",mapped
language_conventions,3,Spelling,Common word spelling,Spot a misspelled common Year 3 word,1,naplan-y3-language-f1-012,VC2E3LY06,"High-frequency word recognition, homophones and spelling",high,"Aligns with high-frequency word recognition, homophones and spelling (VC2E3LY06).",mapped
language_conventions,3,Spelling,Correcting misspelt words,Spelling common adjectives,1,g3-nap-lang-spelling-001,VC2E3LY05,Spelling complex and less common grapheme patterns,high,Aligns with spelling complex and less common grapheme patterns (VC2E3LY05).,mapped
language_conventions,3,Spelling,Homophones,Choosing the correct homophone,1,g3-icas-eng-homophone-001,VC2E3LY06,"High-frequency word recognition, homophones and spelling",high,"Aligns with high-frequency word recognition, homophones and spelling (VC2E3LY06).",mapped
language_conventions,3,Spelling,Homophones,Choosing the correct homophone (here / hear),1,naplan-y3-language-db-016,VC2E3LY06,"High-frequency word recognition, homophones and spelling",high,"Aligns with high-frequency word recognition, homophones and spelling (VC2E3LY06).",mapped
language_conventions,3,Spelling,Homophones,Choosing the correct homophone (know / no),1,naplan-y3-language-dd-003,VC2E3LY06,"High-frequency word recognition, homophones and spelling",high,"Aligns with high-frequency word recognition, homophones and spelling (VC2E3LY06).",mapped
language_conventions,3,Spelling,Homophones,Choosing the correct homophone (there / their / they're),1,naplan-y3-language-da-007,VC2E3LY06,"High-frequency word recognition, homophones and spelling",high,"Aligns with high-frequency word recognition, homophones and spelling (VC2E3LY06).",mapped
language_conventions,3,Spelling,Homophones,Choosing the correct homophone (to / too / two),1,naplan-y3-language-db-003,VC2E3LY06,"High-frequency word recognition, homophones and spelling",high,"Aligns with high-frequency word recognition, homophones and spelling (VC2E3LY06).",mapped
language_conventions,3,Spelling,Homophones,Common homophones (hear and here),1,icas-y3-language-c-007,VC2E3LY06,"High-frequency word recognition, homophones and spelling",high,"Aligns with high-frequency word recognition, homophones and spelling (VC2E3LY06).",mapped
language_conventions,3,Spelling,Plurals,Spelling irregular plurals (foot / feet),1,naplan-y3-language-dd-004,VC2E3LY04,"Morphological awareness: base words, prefixes, suffixes and spelling rules",high,"Aligns with morphological awareness: base words, prefixes, suffixes and spelling rules (VC2E3LY04).",mapped
language_conventions,3,Spelling,Plurals,Spelling irregular plurals ending in -f,1,naplan-y3-language-da-008,VC2E3LY04,"Morphological awareness: base words, prefixes, suffixes and spelling rules",high,"Aligns with morphological awareness: base words, prefixes, suffixes and spelling rules (VC2E3LY04).",mapped
language_conventions,3,Spelling,Plurals,Spelling plurals by adding -es after x,1,naplan-y3-language-dd-015,VC2E3LY04,"Morphological awareness: base words, prefixes, suffixes and spelling rules",high,"Aligns with morphological awareness: base words, prefixes, suffixes and spelling rules (VC2E3LY04).",mapped
language_conventions,3,Spelling,Plurals,Spelling plurals: changing y to ies,1,naplan-y3-language-db-004,VC2E3LY04,"Morphological awareness: base words, prefixes, suffixes and spelling rules",high,"Aligns with morphological awareness: base words, prefixes, suffixes and spelling rules (VC2E3LY04).",mapped
language_conventions,3,Spelling,Prefixes,Building a word with the prefix un-,1,naplan-y3-language-da-011,VC2E3LY04,"Morphological awareness: base words, prefixes, suffixes and spelling rules",high,"Aligns with morphological awareness: base words, prefixes, suffixes and spelling rules (VC2E3LY04).",mapped
language_conventions,3,Spelling,Prefixes,The prefixes re- and dis-,1,icas-y3-language-c-010,VC2E3LY04,"Morphological awareness: base words, prefixes, suffixes and spelling rules",high,"Aligns with morphological awareness: base words, prefixes, suffixes and spelling rules (VC2E3LY04).",mapped
language_conventions,3,Spelling,Regular plurals,"Spelling regular plurals (-s, -es and -ies)",1,icas-y3-language-c-001,VC2E3LY04,"Morphological awareness: base words, prefixes, suffixes and spelling rules",high,"Aligns with morphological awareness: base words, prefixes, suffixes and spelling rules (VC2E3LY04).",mapped
language_conventions,3,Spelling,Silent letters,Spelling words with a silent k,1,naplan-y3-language-db-014,VC2E3LY05,Spelling complex and less common grapheme patterns,high,Aligns with spelling complex and less common grapheme patterns (VC2E3LY05).,mapped
language_conventions,3,Spelling,Spelling,lang.prod.spelling.correcting-misspelt-words,2,"man-4a091b5f7836db0043f5f75a, man-6daa0a3b6e6cfeff6c720ccc",VC2E3LY05,Spelling complex and less common grapheme patterns,high,Aligns with spelling complex and less common grapheme patterns (VC2E3LY05).,mapped
language_conventions,3,Spelling,Spelling,lit.spelling.common-words,2,"man-3431342e7a51c952b427bd7a, man-91c38bd89a6c58e2991a1675",VC2E3LY05,Spelling complex and less common grapheme patterns,high,Aligns with spelling complex and less common grapheme patterns (VC2E3LY05).,mapped
language_conventions,3,Spelling,Spelling in context,Spotting misspelled words in a sentence,1,naplan-y3-language-da-015,VC2E3LY05,Spelling complex and less common grapheme patterns,high,Aligns with spelling complex and less common grapheme patterns (VC2E3LY05).,mapped
language_conventions,3,Spelling,Suffixes,Building a word with the suffix -ful,1,naplan-y3-language-dd-008,VC2E3LY04,"Morphological awareness: base words, prefixes, suffixes and spelling rules",high,"Aligns with morphological awareness: base words, prefixes, suffixes and spelling rules (VC2E3LY04).",mapped
language_conventions,3,Spelling,Suffixes,Doubling the final consonant before adding -ing,1,naplan-y3-language-da-014,VC2E3LY04,"Morphological awareness: base words, prefixes, suffixes and spelling rules",high,"Aligns with morphological awareness: base words, prefixes, suffixes and spelling rules (VC2E3LY04).",mapped
language_conventions,3,Spelling,Suffixes,Forming adverbs with the suffix -ly,1,naplan-y3-language-dd-013,VC2E3LY04,"Morphological awareness: base words, prefixes, suffixes and spelling rules",high,"Aligns with morphological awareness: base words, prefixes, suffixes and spelling rules (VC2E3LY04).",mapped
language_conventions,3,Spelling,Suffixes,The suffixes -ful and -er,1,icas-y3-language-c-011,VC2E3LY04,"Morphological awareness: base words, prefixes, suffixes and spelling rules",high,"Aligns with morphological awareness: base words, prefixes, suffixes and spelling rules (VC2E3LY04).",mapped
language_conventions,3,Syntax,Adjective forms,Comparative and superlative adjectives,1,icas-y3-language-c-006,VC2E3LA06,Clause structures and grammatical relationships in sentences,high,Aligns with clause structures and grammatical relationships in sentences (VC2E3LA06).,mapped
language_conventions,3,Syntax,Adjectives,Identifying adjectives within a sentence,1,icas-y3-language-da-014,VC2E3LA06,Clause structures and grammatical relationships in sentences,high,Aligns with clause structures and grammatical relationships in sentences (VC2E3LA06).,mapped
language_conventions,3,Syntax,Adverbs,lang.prod.parts-of-speech.adverbs,1,g3-icas-lang-adverb-001,VC2E3LA06,Clause structures and grammatical relationships in sentences,high,Aligns with clause structures and grammatical relationships in sentences (VC2E3LA06).,mapped
language_conventions,3,Syntax,Apostrophes,Choosing between its and it's,1,icas-y3-language-dc-012,VC2E3LA12,Apostrophes of contraction and possessive apostrophes in singular nouns,high,Aligns with apostrophes of contraction and possessive apostrophes in singular nouns (VC2E3LA12).,mapped
language_conventions,3,Syntax,Apostrophes for possession,Punctuate possession correctly,1,icas-y3-language-f1-016,VC2E3LA12,Apostrophes of contraction and possessive apostrophes in singular nouns,high,Aligns with apostrophes of contraction and possessive apostrophes in singular nouns (VC2E3LA12).,mapped
language_conventions,3,Syntax,Apostrophes for possession,Showing that one owner has something with an apostrophe,1,icas-y3-language-dc-001,VC2E3LA12,Apostrophes of contraction and possessive apostrophes in singular nouns,high,Aligns with apostrophes of contraction and possessive apostrophes in singular nouns (VC2E3LA12).,mapped
language_conventions,3,Syntax,Apostrophes in contractions,Forming a contraction from 'we are',1,icas-y3-language-dd-001,VC2E3LA12,Apostrophes of contraction and possessive apostrophes in singular nouns,high,Aligns with apostrophes of contraction and possessive apostrophes in singular nouns (VC2E3LA12).,mapped
language_conventions,3,Syntax,Apostrophes in contractions,lang.prod.punctuation.contractions,1,g3-icas-lang-apos-001,VC2E3LA12,Apostrophes of contraction and possessive apostrophes in singular nouns,high,Aligns with apostrophes of contraction and possessive apostrophes in singular nouns (VC2E3LA12).,mapped
language_conventions,3,Syntax,Capital letters,lang.prod.punctuation.capital-letters,1,g3-icas-lang-capital-001,VC2E3LY12,"Editing and proofreading for structure, grammar and punctuation",high,"Aligns with editing and proofreading for structure, grammar and punctuation (VC2E3LY12).",mapped
language_conventions,3,Syntax,Capital letters,"Using capitals for the sentence start, places and months",1,icas-y3-language-dc-003,VC2E3LY12,"Editing and proofreading for structure, grammar and punctuation",high,"Aligns with editing and proofreading for structure, grammar and punctuation (VC2E3LY12).",mapped
language_conventions,3,Syntax,Comma for direct address,Using a comma before a person's name when speaking to them,1,icas-y3-language-da-002,VC2E3LY12,"Editing and proofreading for structure, grammar and punctuation",high,"Aligns with editing and proofreading for structure, grammar and punctuation (VC2E3LY12).",mapped
language_conventions,3,Syntax,Commas in lists,lang.prod.punctuation.commas-in-lists,1,g3-icas-lang-comma-001,VC2E3LY12,"Editing and proofreading for structure, grammar and punctuation",high,"Aligns with editing and proofreading for structure, grammar and punctuation (VC2E3LY12).",mapped
language_conventions,3,Syntax,Commas in lists,Punctuate items in a list,1,icas-y3-language-f1-003,VC2E3LY12,"Editing and proofreading for structure, grammar and punctuation",high,"Aligns with editing and proofreading for structure, grammar and punctuation (VC2E3LY12).",mapped
language_conventions,3,Syntax,Commas in lists,Separating items in a list with commas,1,icas-y3-language-dc-004,VC2E3LY12,"Editing and proofreading for structure, grammar and punctuation",high,"Aligns with editing and proofreading for structure, grammar and punctuation (VC2E3LY12).",mapped
language_conventions,3,Syntax,Conjunctions,Choose the correct conjunction to join ideas,1,icas-y3-language-f1-008,VC2E3LA06,Clause structures and grammatical relationships in sentences,high,Aligns with clause structures and grammatical relationships in sentences (VC2E3LA06).,mapped
language_conventions,3,Syntax,Conjunctions,Choosing a conjunction that shows cause and reason,1,icas-y3-language-da-008,VC2E3LA06,Clause structures and grammatical relationships in sentences,high,Aligns with clause structures and grammatical relationships in sentences (VC2E3LA06).,mapped
language_conventions,3,Syntax,Conjunctions,Joining two short sentences with a conjunction,1,icas-y3-language-c-008,VC2E3LA06,Clause structures and grammatical relationships in sentences,high,Aligns with clause structures and grammatical relationships in sentences (VC2E3LA06).,mapped
language_conventions,3,Syntax,Conjunctions,lang.prod.grammar.conjunctions,1,g3-icas-lang-conj-001,VC2E3LA06,Clause structures and grammatical relationships in sentences,high,Aligns with clause structures and grammatical relationships in sentences (VC2E3LA06).,mapped
language_conventions,3,Syntax,Contractions,Contractions with is and will,1,icas-y3-language-c-012,VC2E3LA12,Apostrophes of contraction and possessive apostrophes in singular nouns,high,Aligns with apostrophes of contraction and possessive apostrophes in singular nouns (VC2E3LA12).,mapped
language_conventions,3,Syntax,Direct speech punctuation,Punctuate direct speech correctly,1,icas-y3-language-f1-002,VC2E3LY12,"Editing and proofreading for structure, grammar and punctuation",high,"Aligns with editing and proofreading for structure, grammar and punctuation (VC2E3LY12).",mapped
language_conventions,3,Syntax,End punctuation and sentence type,Choosing an exclamation mark for an exclamation,1,icas-y3-language-dd-002,VC2E3LY12,"Editing and proofreading for structure, grammar and punctuation",high,"Aligns with editing and proofreading for structure, grammar and punctuation (VC2E3LY12).",mapped
language_conventions,3,Syntax,Homophones your and you're,Choosing between 'your' and 'you're',1,icas-y3-language-dd-013,VC2E3LY06,"High-frequency word recognition, homophones and spelling",high,"Aligns with high-frequency word recognition, homophones and spelling (VC2E3LY06).",mapped
language_conventions,3,Syntax,Irregular past-tense verbs,Judging the past tense of an irregular verb,1,icas-y3-language-dd-011,VC2E3LA08,Tense consistency and temporal anchoring of verbs,high,Aligns with tense consistency and temporal anchoring of verbs (VC2E3LA08).,mapped
language_conventions,3,Syntax,Irregular plurals,lang.prod.grammar.irregular-plurals,1,g3-icas-lang-plural-001,VC2E3LY04,"Morphological awareness: base words, prefixes, suffixes and spelling rules",high,"Aligns with morphological awareness: base words, prefixes, suffixes and spelling rules (VC2E3LY04).",mapped
language_conventions,3,Syntax,Irregular plurals,Recognising plurals that do not add -s,1,icas-y3-language-da-006,VC2E3LY04,"Morphological awareness: base words, prefixes, suffixes and spelling rules",high,"Aligns with morphological awareness: base words, prefixes, suffixes and spelling rules (VC2E3LY04).",mapped
language_conventions,3,Syntax,Irregular plurals,Writing the irregular plural of 'foot',1,icas-y3-language-dd-015,VC2E3LY04,"Morphological awareness: base words, prefixes, suffixes and spelling rules",high,"Aligns with morphological awareness: base words, prefixes, suffixes and spelling rules (VC2E3LY04).",mapped
language_conventions,3,Syntax,Past tense verbs,Fix a tense error in a sentence,1,icas-y3-language-f1-006,VC2E3LA08,Tense consistency and temporal anchoring of verbs,high,Aligns with tense consistency and temporal anchoring of verbs (VC2E3LA08).,mapped
language_conventions,3,Syntax,Past tense verbs,Matching a verb to a past-time signal word,1,icas-y3-language-da-004,VC2E3LA08,Tense consistency and temporal anchoring of verbs,high,Aligns with tense consistency and temporal anchoring of verbs (VC2E3LA08).,mapped
language_conventions,3,Syntax,Plural nouns,Making plurals of words ending in sh by adding -es,1,icas-y3-language-dc-006,VC2E3LY04,"Morphological awareness: base words, prefixes, suffixes and spelling rules",high,"Aligns with morphological awareness: base words, prefixes, suffixes and spelling rules (VC2E3LY04).",mapped
language_conventions,3,Syntax,Possessive apostrophes,Apostrophes to show possession,1,icas-y3-language-c-002,VC2E3LA12,Apostrophes of contraction and possessive apostrophes in singular nouns,high,Aligns with apostrophes of contraction and possessive apostrophes in singular nouns (VC2E3LA12).,mapped
language_conventions,3,Syntax,Possessive apostrophes,Using an apostrophe to show ownership by a plural noun,1,icas-y3-language-da-001,VC2E3LA12,Apostrophes of contraction and possessive apostrophes in singular nouns,high,Aligns with apostrophes of contraction and possessive apostrophes in singular nouns (VC2E3LA12).,mapped
language_conventions,3,Syntax,Pronoun reference,lang.prod.grammar.pronoun-reference,1,g3-icas-lang-pronoun-001,VC2E3LA06,Clause structures and grammatical relationships in sentences,high,Aligns with clause structures and grammatical relationships in sentences (VC2E3LA06).,mapped
language_conventions,3,Syntax,Pronoun reference,Working out which noun a pronoun replaces,1,icas-y3-language-da-007,VC2E3LA06,Clause structures and grammatical relationships in sentences,high,Aligns with clause structures and grammatical relationships in sentences (VC2E3LA06).,mapped
language_conventions,3,Syntax,Punctuating direct speech,Placing speech marks around the exact spoken words,1,icas-y3-language-da-003,VC2E3LY12,"Editing and proofreading for structure, grammar and punctuation",high,"Aligns with editing and proofreading for structure, grammar and punctuation (VC2E3LY12).",mapped
language_conventions,3,Syntax,Sentence boundaries,Using capitals and full stops to separate sentences,1,icas-y3-language-dd-016,VC2E3LY12,"Editing and proofreading for structure, grammar and punctuation",high,"Aligns with editing and proofreading for structure, grammar and punctuation (VC2E3LY12).",mapped
language_conventions,3,Syntax,Sentence construction,Ordering words into a well-formed sentence,1,icas-y3-language-dd-010,VC2E3LA06,Clause structures and grammatical relationships in sentences,high,Aligns with clause structures and grammatical relationships in sentences (VC2E3LA06).,mapped
language_conventions,3,Syntax,Sentence end marks,Choosing a question mark to end a question,1,icas-y3-language-dc-002,VC2E3LY12,"Editing and proofreading for structure, grammar and punctuation",high,"Aligns with editing and proofreading for structure, grammar and punctuation (VC2E3LY12).",mapped
language_conventions,3,Syntax,Sentence end punctuation,lit.grammar.full-stops-question-marks,1,g3-icas-lang-endmark-001,VC2E3LY12,"Editing and proofreading for structure, grammar and punctuation",high,"Aligns with editing and proofreading for structure, grammar and punctuation (VC2E3LY12).",mapped
language_conventions,3,Syntax,Sentence structure,Arranging words into a well-formed sentence,1,icas-y3-language-da-015,VC2E3LY12,"Editing and proofreading for structure, grammar and punctuation",high,"Aligns with editing and proofreading for structure, grammar and punctuation (VC2E3LY12).",mapped
language_conventions,3,Syntax,Sentence structure,Ordering words to build a correct sentence,1,icas-y3-language-dc-008,VC2E3LY12,"Editing and proofreading for structure, grammar and punctuation",high,"Aligns with editing and proofreading for structure, grammar and punctuation (VC2E3LY12).",mapped
language_conventions,3,Syntax,Speech marks in direct speech,lang.prod.punctuation.speech-marks,1,g3-icas-lang-speech-001,VC2E3LY12,"Editing and proofreading for structure, grammar and punctuation",high,"Aligns with editing and proofreading for structure, grammar and punctuation (VC2E3LY12).",mapped
language_conventions,3,Syntax,Subject and object pronouns,Choosing 'me' as the object in a pair,1,icas-y3-language-dd-004,VC2E3LA06,Clause structures and grammatical relationships in sentences,high,Aligns with clause structures and grammatical relationships in sentences (VC2E3LA06).,mapped
language_conventions,3,Syntax,Subject-verb agreement,Choose the grammatically correct sentence,1,icas-y3-language-f1-001,VC2E3LA06,Clause structures and grammatical relationships in sentences,high,Aligns with clause structures and grammatical relationships in sentences (VC2E3LA06).,mapped
language_conventions,3,Syntax,Subject-verb agreement,Fix an agreement error in a sentence,1,icas-y3-language-f1-009,VC2E3LA06,Clause structures and grammatical relationships in sentences,high,Aligns with clause structures and grammatical relationships in sentences (VC2E3LA06).,mapped
language_conventions,3,Syntax,Subject-verb agreement,Judging whether the verb matches a plural subject,1,icas-y3-language-dc-009,VC2E3LY04,"Morphological awareness: base words, prefixes, suffixes and spelling rules",high,"Aligns with morphological awareness: base words, prefixes, suffixes and spelling rules (VC2E3LY04).",mapped
language_conventions,3,Syntax,Subject-verb agreement,lang.prod.grammar.subject-verb-agreement,1,g3-icas-lang-agree-001,VC2E3LA06,Clause structures and grammatical relationships in sentences,high,Aligns with clause structures and grammatical relationships in sentences (VC2E3LA06).,mapped
language_conventions,3,Syntax,Subject-verb agreement,Matching a verb to a singular subject across a nearby plural,1,icas-y3-language-da-005,VC2E3LY04,"Morphological awareness: base words, prefixes, suffixes and spelling rules",high,"Aligns with morphological awareness: base words, prefixes, suffixes and spelling rules (VC2E3LY04).",mapped
language_conventions,3,Syntax,Subject-verb agreement,Matching a verb to a singular subject across a plural phrase,1,icas-y3-language-dd-003,VC2E3LY04,"Morphological awareness: base words, prefixes, suffixes and spelling rules",high,"Aligns with morphological awareness: base words, prefixes, suffixes and spelling rules (VC2E3LY04).",mapped
language_conventions,3,Syntax,Verb forms,Fix a tense error in a sentence,1,icas-y3-language-f1-014,VC2E3LA08,Tense consistency and temporal anchoring of verbs,high,Aligns with tense consistency and temporal anchoring of verbs (VC2E3LA08).,mapped
language_conventions,3,Syntax,Verb tense,lang.prod.grammar.verb-tense,1,g3-icas-lang-tense-001,VC2E3LA08,Tense consistency and temporal anchoring of verbs,high,Aligns with tense consistency and temporal anchoring of verbs (VC2E3LA08).,mapped
language_conventions,3,Syntax,Word classes,Identifying an adverb that tells how an action is done,1,icas-y3-language-dc-013,VC2E3LA07,"Verb processes for actions, feelings, thoughts and states",high,"Aligns with verb processes for actions, feelings, thoughts and states (VC2E3LA07).",mapped
language_conventions,3,Syntax,Word classes,Identifying the nouns in a sentence,1,icas-y3-language-dc-014,VC2E3LA06,Clause structures and grammatical relationships in sentences,high,Aligns with clause structures and grammatical relationships in sentences (VC2E3LA06).,mapped
language_conventions,3,Syntax,Word classes,"Sorting nouns, verbs and adjectives",1,icas-y3-language-c-004,VC2E3LA06,Clause structures and grammatical relationships in sentences,high,Aligns with clause structures and grammatical relationships in sentences (VC2E3LA06).,mapped
language_conventions,3,Vocabulary,Analogies with opposites,Completing an opposite-word analogy,1,icas-y3-language-dd-014,VC2E3LA11,Topic-specific vocabulary expansion and word relationships,high,Aligns with topic-specific vocabulary expansion and word relationships (VC2E3LA11).,mapped
language_conventions,3,Vocabulary,Antonyms,Choosing a word with the opposite meaning,1,icas-y3-language-dc-011,VC2E3LA11,Topic-specific vocabulary expansion and word relationships,high,Aligns with topic-specific vocabulary expansion and word relationships (VC2E3LA11).,mapped
language_conventions,3,Vocabulary,Antonyms,Finding the opposite of 'shrink',1,icas-y3-language-dd-006,VC2E3LA11,Topic-specific vocabulary expansion and word relationships,high,Aligns with topic-specific vocabulary expansion and word relationships (VC2E3LA11).,mapped
language_conventions,3,Vocabulary,Antonyms,Matching words to their antonyms,1,g3-nap-lang-antonym-001,VC2E3LA11,Topic-specific vocabulary expansion and word relationships,high,Aligns with topic-specific vocabulary expansion and word relationships (VC2E3LA11).,mapped
language_conventions,3,Vocabulary,Antonyms,Producing antonyms,1,g3-icas-eng-vocab-001,VC2E3LA11,Topic-specific vocabulary expansion and word relationships,high,Aligns with topic-specific vocabulary expansion and word relationships (VC2E3LA11).,mapped
language_conventions,3,Vocabulary,Compound words,Joining two words to form a compound word,1,icas-y3-language-dd-009,VC2E3LA06,Clause structures and grammatical relationships in sentences,high,Aligns with clause structures and grammatical relationships in sentences (VC2E3LA06).,mapped
language_conventions,3,Vocabulary,Compound words,Joining two words to make a compound word,1,icas-y3-language-dc-007,VC2E3LA06,Clause structures and grammatical relationships in sentences,high,Aligns with clause structures and grammatical relationships in sentences (VC2E3LA06).,mapped
language_conventions,3,Vocabulary,Compound words,lang.prod.vocabulary.compound-words,1,g3-icas-lang-compound-001,VC2E3LA06,Clause structures and grammatical relationships in sentences,high,Aligns with clause structures and grammatical relationships in sentences (VC2E3LA06).,mapped
language_conventions,3,Vocabulary,Dictionary skills,Putting words in alphabetical order,1,icas-y3-language-c-013,VC2E3LA11,Topic-specific vocabulary expansion and word relationships,high,Aligns with topic-specific vocabulary expansion and word relationships (VC2E3LA11).,mapped
language_conventions,3,Vocabulary,Homophones,"Choosing between their, there and they're",1,icas-y3-language-da-012,VC2E3LY06,"High-frequency word recognition, homophones and spelling",high,"Aligns with high-frequency word recognition, homophones and spelling (VC2E3LY06).",mapped
language_conventions,3,Vocabulary,Homophones,"Choosing between too, to and two by meaning",1,icas-y3-language-dc-005,VC2E3LY06,"High-frequency word recognition, homophones and spelling",high,"Aligns with high-frequency word recognition, homophones and spelling (VC2E3LY06).",mapped
language_conventions,3,Vocabulary,Precise verbs,Choosing a precise verb over a vague one,1,icas-y3-language-c-009,VC2E3LA11,Topic-specific vocabulary expansion and word relationships,high,Aligns with topic-specific vocabulary expansion and word relationships (VC2E3LA11).,mapped
language_conventions,3,Vocabulary,Prefixes,Choosing the prefix that reverses a word's meaning,1,icas-y3-language-da-009,VC2E3LY04,"Morphological awareness: base words, prefixes, suffixes and spelling rules",high,"Aligns with morphological awareness: base words, prefixes, suffixes and spelling rules (VC2E3LY04).",mapped
language_conventions,3,Vocabulary,Prefixes,lang.prod.vocabulary.prefixes,1,g3-icas-lang-prefix-001,VC2E3LY04,"Morphological awareness: base words, prefixes, suffixes and spelling rules",high,"Aligns with morphological awareness: base words, prefixes, suffixes and spelling rules (VC2E3LY04).",mapped
language_conventions,3,Vocabulary,Prefixes,Understanding the prefix 're-' meaning 'again',1,icas-y3-language-dd-007,VC2E3LY04,"Morphological awareness: base words, prefixes, suffixes and spelling rules",high,"Aligns with morphological awareness: base words, prefixes, suffixes and spelling rules (VC2E3LY04).",mapped
language_conventions,3,Vocabulary,Shades of meaning,Precise word choice and shades of meaning,2,"icas-y3-language-f1-007, icas-y3-language-f1-012",VC2E3LA11,Topic-specific vocabulary expansion and word relationships,high,Aligns with topic-specific vocabulary expansion and word relationships (VC2E3LA11).,mapped
language_conventions,3,Vocabulary,Suffixes,Building a word by adding the suffix -ful,1,icas-y3-language-da-010,VC2E3LY04,"Morphological awareness: base words, prefixes, suffixes and spelling rules",high,"Aligns with morphological awareness: base words, prefixes, suffixes and spelling rules (VC2E3LY04).",mapped
language_conventions,3,Vocabulary,Suffixes,lang.prod.vocabulary.suffixes,1,g3-icas-lang-suffix-001,VC2E3LY04,"Morphological awareness: base words, prefixes, suffixes and spelling rules",high,"Aligns with morphological awareness: base words, prefixes, suffixes and spelling rules (VC2E3LY04).",mapped
language_conventions,3,Vocabulary,Suffixes,Working out meaning from the suffix -less,1,icas-y3-language-dc-015,VC2E3LY04,"Morphological awareness: base words, prefixes, suffixes and spelling rules",high,"Aligns with morphological awareness: base words, prefixes, suffixes and spelling rules (VC2E3LY04).",mapped
language_conventions,3,Vocabulary,Suffixes that name people,Adding the suffix -er to make 'gardener',1,icas-y3-language-dd-008,VC2E3LY04,"Morphological awareness: base words, prefixes, suffixes and spelling rules",high,"Aligns with morphological awareness: base words, prefixes, suffixes and spelling rules (VC2E3LY04).",mapped
language_conventions,3,Vocabulary,Synonyms,Choosing a word with a similar meaning,1,icas-y3-language-dc-010,VC2E3LA11,Topic-specific vocabulary expansion and word relationships,high,Aligns with topic-specific vocabulary expansion and word relationships (VC2E3LA11).,mapped
language_conventions,3,Vocabulary,Synonyms,Finding a synonym for 'chilly',1,icas-y3-language-dd-005,VC2E3LA11,Topic-specific vocabulary expansion and word relationships,high,Aligns with topic-specific vocabulary expansion and word relationships (VC2E3LA11).,mapped
language_conventions,3,Vocabulary,Vocabulary,lang.prod.vocabulary.antonyms,2,"man-5830bef1feb95a5cd856a44f, man-607aab1a1ec52e1f1c31bb78",VC2E3LA11,Topic-specific vocabulary expansion and word relationships,high,Aligns with topic-specific vocabulary expansion and word relationships (VC2E3LA11).,mapped
language_conventions,3,Vocabulary,Word analogies,Completing a young-animal to grown-animal analogy,1,icas-y3-language-da-013,VC2E3LA11,Topic-specific vocabulary expansion and word relationships,high,Aligns with topic-specific vocabulary expansion and word relationships (VC2E3LA11).,mapped
language_conventions,3,Vocabulary,Word analogies,Completing word analogies,1,g3-icas-eng-logic-001,VC2E3LA11,Topic-specific vocabulary expansion and word relationships,high,Aligns with topic-specific vocabulary expansion and word relationships (VC2E3LA11).,mapped
language_conventions,3,Vocabulary,Word meanings,Matching words to definitions,1,g3-icas-eng-vocab-002,VC2E3LA11,Topic-specific vocabulary expansion and word relationships,high,Aligns with topic-specific vocabulary expansion and word relationships (VC2E3LA11).,mapped
language_conventions,3,Vocabulary,Word relationships,Completing a part-to-whole analogy,1,icas-y3-language-dc-016,VC2E3LA11,Topic-specific vocabulary expansion and word relationships,high,Aligns with topic-specific vocabulary expansion and word relationships (VC2E3LA11).,mapped
numeracy,3,Algebra & Patterns,Continuing a growing number pattern,Finding a later term in an add-constant pattern,1,icas-y3-numeracy-db-003,VC2M3N09,Algorithms and decision sequences for investigating number patterns,high,Aligns with algorithms and decision sequences for investigating number patterns (VC2M3N09).,mapped
numeracy,3,Algebra & Patterns,Continuing a shrinking number pattern,Finding a later term in a subtract-constant pattern,1,icas-y3-numeracy-dc-005,VC2M3N04,Addition and subtraction with two- and three-digit numbers using place-value partitioning,high,Aligns with addition and subtraction with two- and three-digit numbers using place-value partitioning (VC2M3N04).,mapped
numeracy,3,Algebra & Patterns,Doubling patterns,Reason about a doubling sequence,1,icas-y3-numeracy-e1-004,VC2M3N09,Algorithms and decision sequences for investigating number patterns,high,Aligns with algorithms and decision sequences for investigating number patterns (VC2M3N09).,mapped
numeracy,3,Algebra & Patterns,Finding a rule from a table,Applying a discovered multiplication rule,1,icas-y3-numeracy-dc-006,VC2M3N07,Dollar and cent relationships and monetary representations,high,Aligns with dollar and cent relationships and monetary representations (VC2M3N07).,mapped
numeracy,3,Algebra & Patterns,Inverse operations,Work backwards from a result to find a start number,1,icas-y3-numeracy-e1-009,VC2M3N09,Algorithms and decision sequences for investigating number patterns,high,Aligns with algorithms and decision sequences for investigating number patterns (VC2M3N09).,mapped
numeracy,3,Algebra & Patterns,Inverse operations,Work backwards through two changes,1,icas-y3-numeracy-e1-010,VC2M3N07,Dollar and cent relationships and monetary representations,high,Aligns with dollar and cent relationships and monetary representations (VC2M3N07).,mapped
numeracy,3,Algebra & Patterns,Logical reasoning,Use clues to order items in a sequence,1,icas-y3-numeracy-e1-013,VC2M3N09,Algorithms and decision sequences for investigating number patterns,high,Aligns with algorithms and decision sequences for investigating number patterns (VC2M3N09).,mapped
numeracy,3,Algebra & Patterns,Missing-number reasoning,Working backwards to find an unknown that appears twice,1,icas-y3-num-number-007,VC2M3N09,Algorithms and decision sequences for investigating number patterns,high,Aligns with algorithms and decision sequences for investigating number patterns (VC2M3N09).,mapped
numeracy,3,Algebra & Patterns,Number patterns,Check whether a sequence rule was applied correctly,1,icas-y3-numeracy-e1-016,VC2M3N09,Algorithms and decision sequences for investigating number patterns,high,Aligns with algorithms and decision sequences for investigating number patterns (VC2M3N09).,mapped
numeracy,3,Algebra & Patterns,Number patterns,Continue a growing number sequence,1,icas-y3-numeracy-e1-003,VC2M3N09,Algorithms and decision sequences for investigating number patterns,high,Aligns with algorithms and decision sequences for investigating number patterns (VC2M3N09).,mapped
numeracy,3,Algebra & Patterns,Patterns and algebra,Deduce a missing value in a balanced equation,2,"icas-y3-numeracy-e2-014, icas-y3-numeracy-e2-015",VC2M3N09,Algorithms and decision sequences for investigating number patterns,high,Aligns with algorithms and decision sequences for investigating number patterns (VC2M3N09).,mapped
numeracy,3,Algebra & Patterns,Patterns and algebra,Find a rule for a growing pattern and extend it,4,"icas-y3-numeracy-e2-007, icas-y3-numeracy-e2-008",VC2M3N09,Algorithms and decision sequences for investigating number patterns,high,Aligns with algorithms and decision sequences for investigating number patterns (VC2M3N09).,mapped
numeracy,3,Algebra & Patterns,Position in a repeating pattern,Finding a term in a repeating pattern using groups,1,icas-y3-numeracy-dc-007,VC2M3N09,Algorithms and decision sequences for investigating number patterns,high,Aligns with algorithms and decision sequences for investigating number patterns (VC2M3N09).,mapped
numeracy,3,Algebra & Patterns,Unknown values in equations,Solving for an unknown using two picture equations,1,icas-y3-numeracy-db-009,VC2M3N09,Algorithms and decision sequences for investigating number patterns,high,Aligns with algorithms and decision sequences for investigating number patterns (VC2M3N09).,mapped
numeracy,3,Chance & Data,Comparing values on a bar chart,Finding the difference between the largest and smallest bar,1,icas-y3-numeracy-dc-013,VC2M3ST02,Graphical representations and comparative data analysis,high,Aligns with graphical representations and comparative data analysis (VC2M3ST02).,mapped
numeracy,3,Chance & Data,Comparing values on a bar chart,Using doubling to compare heights on a chart,1,icas-y3-numeracy-db-011,VC2M3N07,Dollar and cent relationships and monetary representations,high,Aligns with dollar and cent relationships and monetary representations (VC2M3N07).,mapped
numeracy,3,Chance & Data,Data interpretation,Combining values read from a bar chart to match a total,1,icas-y3-num-measure-012,VC2M3ST02,Graphical representations and comparative data analysis,high,Aligns with graphical representations and comparative data analysis (VC2M3ST02).,mapped
numeracy,3,Chance & Data,Data representation and interpretation,Interpret a two-way or grouped table,1,icas-y3-numeracy-e2-016,VC2M3ST01,Categorical and discrete data collection and frequency tables,high,Aligns with categorical and discrete data collection and frequency tables (VC2M3ST01).,mapped
numeracy,3,Chance & Data,Interpreting a bar chart,Checking statements about graph data by calculating,1,icas-y3-num-number-011,VC2M3ST02,Graphical representations and comparative data analysis,high,Aligns with graphical representations and comparative data analysis (VC2M3ST02).,mapped
numeracy,3,Chance & Data,Interpreting a bar chart,Combining values read from a bar chart,1,icas-y3-numeracy-db-002,VC2M3ST02,Graphical representations and comparative data analysis,high,Aligns with graphical representations and comparative data analysis (VC2M3ST02).,mapped
numeracy,3,Chance & Data,Interpreting a line graph,Finding the largest change on a line graph,1,icas-y3-numeracy-db-016,VC2M3N07,Dollar and cent relationships and monetary representations,high,Aligns with dollar and cent relationships and monetary representations (VC2M3N07).,mapped
numeracy,3,Chance & Data,Interpreting a line graph,Spotting where a line graph stays level,1,icas-y3-numeracy-dc-016,VC2M3ST02,Graphical representations and comparative data analysis,high,Aligns with graphical representations and comparative data analysis (VC2M3ST02).,mapped
numeracy,3,Chance & Data,Interpreting a pie chart,Deciding which share is more than half,1,icas-y3-numeracy-dc-015,VC2M3N03,"Unit fractions, multiples and completing the whole",high,"Aligns with unit fractions, multiples and completing the whole (VC2M3N03).",mapped
numeracy,3,Chance & Data,Interpreting a pie chart,Recognising a half share on a pie chart,1,icas-y3-numeracy-db-012,VC2M3N03,"Unit fractions, multiples and completing the whole",high,"Aligns with unit fractions, multiples and completing the whole (VC2M3N03).",mapped
numeracy,3,Chance & Data,Interpreting bar charts,Compare quantities from a bar chart,1,icas-y3-numeracy-e1-006,VC2M3ST02,Graphical representations and comparative data analysis,high,Aligns with graphical representations and comparative data analysis (VC2M3ST02).,mapped
numeracy,3,Chance & Data,Interpreting column graphs,Comparing values on a column graph,1,icas-y3-numeracy-c-006,VC2M3ST02,Graphical representations and comparative data analysis,high,Aligns with graphical representations and comparative data analysis (VC2M3ST02).,mapped
numeracy,3,Chance & Data,Interpreting tables,Draw a conclusion from a data table,1,icas-y3-numeracy-e1-005,VC2M3M01,Metric measurement unit selection and benchmark estimation,high,Aligns with metric measurement unit selection and benchmark estimation (VC2M3M01).,mapped
numeracy,3,Chance & Data,Interpreting tables,Reasoning with two-way data in a table,1,icas-y3-numeracy-c-007,VC2M3ST01,Categorical and discrete data collection and frequency tables,high,Aligns with categorical and discrete data collection and frequency tables (VC2M3ST01).,mapped
numeracy,3,Chance & Data,Multiplication from graph data,Reading a bar chart and multiplying to compare totals,1,icas-y3-num-number-009,VC2M3N05,Multiplication and division representations with arrays and number sentences,high,Aligns with multiplication and division representations with arrays and number sentences (VC2M3N05).,mapped
numeracy,3,Chance & Data,Reading a line graph,Finding the maximum on a line graph,1,g3-icas-math-data-001,VC2M3M03,Formal time units and comparing event durations,high,Aligns with formal time units and comparing event durations (VC2M3M03).,mapped
numeracy,3,Chance & Data,Reading a table with two conditions,Choosing an item that meets a condition then comparing price,1,icas-y3-numeracy-dc-014,VC2M3N07,Dollar and cent relationships and monetary representations,high,Aligns with dollar and cent relationships and monetary representations (VC2M3N07).,mapped
numeracy,3,Measurement,Area,Area,17,"gen-num-geo-00312, gen-num-geo-00316",VC2M3N07,Dollar and cent relationships and monetary representations,high,Aligns with dollar and cent relationships and monetary representations (VC2M3N07).,mapped
numeracy,3,Measurement,Measurement,num.prod.measurement.perimeter,7,"man-1e23ff761f58cad2a3b9ecee, man-2cd75d1a5850e5c72d31cebf",VC2M3M01,Metric measurement unit selection and benchmark estimation,high,Aligns with metric measurement unit selection and benchmark estimation (VC2M3M01).,mapped
numeracy,3,Measurement,Money,Money,29,"gen-num-money-00008, gen-num-money-00016",VC2M3N07,Dollar and cent relationships and monetary representations,high,Aligns with dollar and cent relationships and monetary representations (VC2M3N07).,mapped
numeracy,3,Measurement,Perimeter,Perimeter,14,"gen-num-geo-00314, gen-num-geo-00318",VC2M3N07,Dollar and cent relationships and monetary representations,high,Aligns with dollar and cent relationships and monetary representations (VC2M3N07).,mapped
numeracy,3,Measurement and geometry,2D shapes,Compare the number of corners of 2D shapes,1,naplan-y3-numeracy-e2-016,VC2M3M05,Angles as measures of turn and right-angle benchmarks,high,Aligns with angles as measures of turn and right-angle benchmarks (VC2M3M05).,mapped
numeracy,3,Measurement and geometry,2D shapes,Name a 2D shape from its number of sides and corners,1,naplan-y3-numeracy-e2-006,VC2M3M05,Angles as measures of turn and right-angle benchmarks,high,Aligns with angles as measures of turn and right-angle benchmarks (VC2M3M05).,mapped
numeracy,3,Measurement and geometry,3D objects,Name a 3D object from its faces,1,naplan-y3-numeracy-db-013,VC2M3SP01,Classifying and comparing three-dimensional objects by geometric features,high,Aligns with classifying and comparing 3D objects by geometric features (VC2M3SP01).,mapped
numeracy,3,Measurement and geometry,Capacity,Compare capacity using standard units and division,1,naplan-y3-numeracy-e2-009,VC2M3N05,Multiplication and division representations with arrays and number sentences,high,Aligns with multiplication and division representations with arrays and number sentences (VC2M3N05).,mapped
numeracy,3,Measurement and geometry,Capacity,Read a bar graph to find the greatest capacity,1,naplan-y3-numeracy-db-011,VC2M3M01,Metric measurement unit selection and benchmark estimation,high,Aligns with metric measurement unit selection and benchmark estimation (VC2M3M01).,mapped
numeracy,3,Measurement and geometry,Coordinates,Locating points on a grid,1,g3-nap-num-space-001,VC2M3SP02,Two-dimensional mapping and relative spatial positioning,high,Aligns with two-dimensional mapping and relative spatial positioning (VC2M3SP02).,mapped
numeracy,3,Measurement and geometry,Length units,Convert metres to centimetres,1,naplan-y3-numeracy-db-009,VC2M3N07,Dollar and cent relationships and monetary representations,high,Aligns with dollar and cent relationships and monetary representations (VC2M3N07).,mapped
numeracy,3,Measurement and geometry,Mass,Compare masses in a table and find the difference,1,naplan-y3-numeracy-db-010,VC2M3M01,Metric measurement unit selection and benchmark estimation,high,Aligns with metric measurement unit selection and benchmark estimation (VC2M3M01).,mapped
numeracy,3,Measurement and geometry,Mass,Compare masses in a table by finding the difference,1,naplan-y3-numeracy-dc-013,VC2M3M01,Metric measurement unit selection and benchmark estimation,high,Aligns with metric measurement unit selection and benchmark estimation (VC2M3M01).,mapped
numeracy,3,Measurement and geometry,Mass,Estimate mass using sensible standard units,1,naplan-y3-numeracy-e2-008,VC2M3M01,Metric measurement unit selection and benchmark estimation,high,Aligns with metric measurement unit selection and benchmark estimation (VC2M3M01).,mapped
numeracy,3,Measurement and geometry,Money,Work out change from a whole dollar amount,1,naplan-y3-numeracy-dc-011,VC2M3N07,Dollar and cent relationships and monetary representations,high,Aligns with dollar and cent relationships and monetary representations (VC2M3N07).,mapped
numeracy,3,Measurement and geometry,Perimeter,Calculating the perimeter of a square,1,g3-nap-num-geo-001,VC2M3N07,Dollar and cent relationships and monetary representations,high,Aligns with dollar and cent relationships and monetary representations (VC2M3N07).,mapped
numeracy,3,Measurement and geometry,Perimeter,Find the perimeter of a rectangle from its length and width,1,naplan-y3-numeracy-db-015,VC2M3M01,Metric measurement unit selection and benchmark estimation,high,Aligns with metric measurement unit selection and benchmark estimation (VC2M3M01).,mapped
numeracy,3,Measurement and geometry,Properties of shapes,Identifying a square by its properties,1,g3-nap-num-geo-003,VC2M3M01,Metric measurement unit selection and benchmark estimation,high,Aligns with metric measurement unit selection and benchmark estimation (VC2M3M01).,mapped
numeracy,3,Measurement and geometry,Telling time,Read an analog clock to the nearest 5 minutes,2,"naplan-y3-numeracy-e1-006, naplan-y3-numeracy-e1-015",VC2M3N03,"Unit fractions, multiples and completing the whole",high,"Aligns with unit fractions, multiples and completing the whole (VC2M3N03).",mapped
numeracy,3,Measurement and geometry,Time,Match half past a time to its digital form,1,naplan-y3-numeracy-dc-014,VC2M3N03,"Unit fractions, multiples and completing the whole",high,"Aligns with unit fractions, multiples and completing the whole (VC2M3N03).",mapped
numeracy,3,Measurement and geometry,Time intervals,Work out an elapsed time from a timetable,1,naplan-y3-numeracy-db-012,VC2M3M03,Formal time units and comparing event durations,high,Aligns with formal time units and comparing event durations (VC2M3M03).,mapped
numeracy,3,Measurement and geometry,Two-dimensional shapes,Name a 2D shape from its sides and corners,1,naplan-y3-numeracy-dc-015,VC2M3M05,Angles as measures of turn and right-angle benchmarks,high,Aligns with angles as measures of turn and right-angle benchmarks (VC2M3M05).,mapped
numeracy,3,Measures & Units,Calendar and days of the week,Adding one week to a day and date,1,icas-y3-numeracy-dc-009,VC2M3M03,Formal time units and comparing event durations,high,Aligns with formal time units and comparing event durations (VC2M3M03).,mapped
numeracy,3,Measures & Units,Calendars,Locating a named weekday and date on a calendar,1,icas-y3-num-measure-006,VC2M3N03,"Unit fractions, multiples and completing the whole",high,"Aligns with unit fractions, multiples and completing the whole (VC2M3N03).",mapped
numeracy,3,Measures & Units,Capacity,Comparing capacities in millilitres and litres,1,icas-y3-num-measure-003,VC2M3M01,Metric measurement unit selection and benchmark estimation,high,Aligns with metric measurement unit selection and benchmark estimation (VC2M3M01).,mapped
numeracy,3,Measures & Units,Capacity and unit conversion,Dividing a capacity after converting litres to millilitres,1,icas-y3-numeracy-dc-008,VC2M3M01,Metric measurement unit selection and benchmark estimation,high,Aligns with metric measurement unit selection and benchmark estimation (VC2M3M01).,mapped
numeracy,3,Measures & Units,Choosing sensible units of length,Matching a length to an appropriate unit,1,icas-y3-numeracy-db-004,VC2M3M01,Metric measurement unit selection and benchmark estimation,high,Aligns with metric measurement unit selection and benchmark estimation (VC2M3M01).,mapped
numeracy,3,Measures & Units,Direction and turns,Working out a new direction after turns,1,icas-y3-numeracy-db-015,VC2M3N03,"Unit fractions, multiples and completing the whole",high,"Aligns with unit fractions, multiples and completing the whole (VC2M3N03).",mapped
numeracy,3,Measures & Units,Elapsed time,Finding a finish time after a duration,1,icas-y3-numeracy-db-010,VC2M3M04,Analog and digital clock reading to the minute,high,Aligns with analog and digital clock reading to the minute (VC2M3M04).,mapped
numeracy,3,Measures & Units,Elapsed time,Finding elapsed time by counting on to the next hour,1,icas-y3-num-measure-005,VC2M3N09,Algorithms and decision sequences for investigating number patterns,high,Aligns with algorithms and decision sequences for investigating number patterns (VC2M3N09).,mapped
numeracy,3,Measures & Units,Length,Measurement comparisons requiring unit conversion (m/cm),2,"icas-y3-numeracy-e2-011, icas-y3-numeracy-e2-013",VC2M3N07,Dollar and cent relationships and monetary representations,high,Aligns with dollar and cent relationships and monetary representations (VC2M3N07).,mapped
numeracy,3,Measures & Units,Length,Reading a scale and finding the difference between two points,1,icas-y3-num-measure-007,VC2M3N04,Addition and subtraction with two- and three-digit numbers using place-value partitioning,high,Aligns with addition and subtraction with two- and three-digit numbers using place-value partitioning (VC2M3N04).,mapped
numeracy,3,Measures & Units,Mass,Measurement comparisons requiring unit conversion (kg/g),1,icas-y3-numeracy-e2-012,VC2M3M01,Metric measurement unit selection and benchmark estimation,high,Aligns with metric measurement unit selection and benchmark estimation (VC2M3M01).,mapped
numeracy,3,Measures & Units,Mass,Reading masses from a bar chart and combining them,1,icas-y3-num-measure-002,VC2M3M01,Metric measurement unit selection and benchmark estimation,high,Aligns with metric measurement unit selection and benchmark estimation (VC2M3M01).,mapped
numeracy,3,Measures & Units,Perimeter,Calculating the perimeter of a rectangle,1,g3-icas-math-measure-001,VC2M3N07,Dollar and cent relationships and monetary representations,high,Aligns with dollar and cent relationships and monetary representations (VC2M3N07).,mapped
numeracy,3,Measures & Units,Reading and reasoning about time,Using a constant time interval to find a later time,1,icas-y3-numeracy-db-006,VC2M3M04,Analog and digital clock reading to the minute,high,Aligns with analog and digital clock reading to the minute (VC2M3M04).,mapped
numeracy,3,Measures & Units,Time,Matching spoken time to digital time,1,icas-y3-num-measure-004,VC2M3N03,"Unit fractions, multiples and completing the whole",high,"Aligns with unit fractions, multiples and completing the whole (VC2M3N03).",mapped
numeracy,3,Measures & Units,Time,Time intervals and elapsed time problems,3,"icas-y3-numeracy-e2-004, icas-y3-numeracy-e2-005",VC2M3M03,Formal time units and comparing event durations,high,Aligns with formal time units and comparing event durations (VC2M3M03).,mapped
numeracy,3,Measures & Units,Units of length,Choosing a sensible metric unit for a length,1,icas-y3-num-measure-001,VC2M3M01,Metric measurement unit selection and benchmark estimation,high,Aligns with metric measurement unit selection and benchmark estimation (VC2M3M01).,mapped
numeracy,3,Number,Number,num.addition.two-digit,8,"man-0b881b462abb76187e909853, man-24841396d80c3a132c330c02",VC2M3N04,Addition and subtraction with two- and three-digit numbers using place-value partitioning,high,Aligns with addition and subtraction with two- and three-digit numbers using place-value partitioning (VC2M3N04).,mapped
numeracy,3,Number,Number,num.number.odd-even,5,"man-1073b6dfccd922bb3dff1d7e, man-30f6b506e9f643379eb704df",VC2M3N01,Properties and behaviour of odd and even numbers,high,Aligns with properties and behaviour of odd and even numbers (VC2M3N01).,mapped
numeracy,3,Number,Number,num.prod.number.money,7,"man-04393717e49e3e95c32be851, man-24becfb45b5fbd39377418a7",VC2M3N07,Dollar and cent relationships and monetary representations,high,Aligns with dollar and cent relationships and monetary representations (VC2M3N07).,mapped
numeracy,3,Number,Number,num.prod.number.multiplication-equal-groups,4,"man-10ff8545e5a15d34b712482d, man-476c821cb8acf444d18316c0",VC2M3N05,Multiplication and division representations with arrays and number sentences,high,Aligns with multiplication and division representations with arrays and number sentences (VC2M3N05).,mapped
numeracy,3,Number,Number,num.prod.number.skip-counting,4,"man-07819aaa7685d3c6f300c5a9, man-112b9900758e0c3d19adfc39",VC2M3N09,Algorithms and decision sequences for investigating number patterns,high,Aligns with algorithms and decision sequences for investigating number patterns (VC2M3N09).,mapped
numeracy,3,Number & Arithmetic,Adding amounts of money,Choosing items that total an exact amount of money,1,icas-y3-num-number-008,VC2M3N07,Dollar and cent relationships and monetary representations,high,Aligns with dollar and cent relationships and monetary representations (VC2M3N07).,mapped
numeracy,3,Number & Arithmetic,Addition with regrouping,Adding three-digit numbers with two regroupings,1,icas-y3-num-number-002,VC2M3N04,Addition and subtraction with two- and three-digit numbers using place-value partitioning,high,Aligns with addition and subtraction with two- and three-digit numbers using place-value partitioning (VC2M3N04).,mapped
numeracy,3,Number & Arithmetic,Division and sharing from a table,Reading a value from a table then dividing equally,1,icas-y3-numeracy-db-013,VC2M3N05,Multiplication and division representations with arrays and number sentences,high,Aligns with multiplication and division representations with arrays and number sentences (VC2M3N05).,mapped
numeracy,3,Number & Arithmetic,Division as equal sharing,Dividing a length into equal parts,1,icas-y3-numeracy-dc-003,VC2M3N05,Multiplication and division representations with arrays and number sentences,high,Aligns with multiplication and division representations with arrays and number sentences (VC2M3N05).,mapped
numeracy,3,Number & Arithmetic,Division facts in context,Using a division fact then subtracting in a two-step problem,1,icas-y3-num-number-004,VC2M3N04,Addition and subtraction with two- and three-digit numbers using place-value partitioning,high,Aligns with addition and subtraction with two- and three-digit numbers using place-value partitioning (VC2M3N04).,mapped
numeracy,3,Number & Arithmetic,Division with remainders,Sharing with a remainder and interpreting what is left,1,icas-y3-numeracy-c-002,VC2M3N05,Multiplication and division representations with arrays and number sentences,high,Aligns with multiplication and division representations with arrays and number sentences (VC2M3N05).,mapped
numeracy,3,Number & Arithmetic,Doubling and halving,Doubling and halving to solve problems,1,icas-y3-numeracy-c-001,VC2M3N03,"Unit fractions, multiples and completing the whole",high,"Aligns with unit fractions, multiples and completing the whole (VC2M3N03).",mapped
numeracy,3,Number & Arithmetic,Expanded form of a number,Matching expanded form to a standard number,1,icas-y3-numeracy-dc-001,VC2M3N02,"Reading, writing and ordering five-digit whole numbers",high,"Aligns with reading, writing and ordering five-digit whole numbers and place value (VC2M3N02).",mapped
numeracy,3,Number & Arithmetic,Fractions of a group,Finding a quarter of a group and the remaining part,1,icas-y3-num-number-005,VC2M3N03,"Unit fractions, multiples and completing the whole",high,"Aligns with unit fractions, multiples and completing the whole (VC2M3N03).",mapped
numeracy,3,Number & Arithmetic,Fractions of a set,Finding a fraction of a collection,1,g3-icas-math-frac-001,VC2M3N03,"Unit fractions, multiples and completing the whole",high,"Aligns with unit fractions, multiples and completing the whole (VC2M3N03).",mapped
numeracy,3,Number & Arithmetic,Midpoint on a number line,Finding the number halfway between two points,1,icas-y3-numeracy-dc-010,VC2M3N03,"Unit fractions, multiples and completing the whole",high,"Aligns with unit fractions, multiples and completing the whole (VC2M3N03).",mapped
numeracy,3,Number & Arithmetic,Money and financial mathematics,Reasoning with money and change across several purchases,3,"icas-y3-numeracy-e2-001, icas-y3-numeracy-e2-002",VC2M3N07,Dollar and cent relationships and monetary representations,high,Aligns with dollar and cent relationships and monetary representations (VC2M3N07).,mapped
numeracy,3,Number & Arithmetic,Money and giving change,Finding change by subtracting in cents,1,icas-y3-numeracy-db-007,VC2M3N07,Dollar and cent relationships and monetary representations,high,Aligns with dollar and cent relationships and monetary representations (VC2M3N07).,mapped
numeracy,3,Number & Arithmetic,Money and two-step problems,Two-step word problems with money,1,icas-y3-numeracy-c-004,"VC2M3N07; VC2M3N08",Dollar and cent relationships and monetary representations | Mathematical modelling in practical additive and financial contexts,high,Aligns with Australian currency representations (VC2M3N07) and practical financial modelling (VC2M3N08).,mapped
numeracy,3,Number & Arithmetic,Multiples,Identifying multiples of 4,1,g3-icas-math-number-001,VC2M3A03,"Multiplication and related division facts for 3, 4, 5 and 10",high,"Aligns with multiplication and related division facts for 3, 4, 5 and 10 (VC2M3A03).",mapped
numeracy,3,Number & Arithmetic,Multiplication and comparison,Combine multiplying and comparing quantities,1,icas-y3-numeracy-e1-015,VC2M3N05,Multiplication and division representations with arrays and number sentences,high,Aligns with multiplication and division representations with arrays and number sentences (VC2M3N05).,mapped
numeracy,3,Number & Arithmetic,Multiplication and subtraction,Multi-step word problem with two operations,3,"icas-y3-numeracy-e1-001, icas-y3-numeracy-e1-002",VC2M3N04,Addition and subtraction with two- and three-digit numbers using place-value partitioning,high,Aligns with addition and subtraction with two- and three-digit numbers using place-value partitioning (VC2M3N04).,mapped
numeracy,3,Number & Arithmetic,Multiplication facts in context,Comparing two multiplication totals to judge a claim,1,icas-y3-num-number-012,VC2M3A03,"Multiplication and related division facts for 3, 4, 5 and 10",high,"Aligns with multiplication and related division facts for 3, 4, 5 and 10 (VC2M3A03).",mapped
numeracy,3,Number & Arithmetic,Number lines,Read values on a number line and find a difference,1,icas-y3-numeracy-e1-012,VC2M3N04,Addition and subtraction with two- and three-digit numbers using place-value partitioning,high,Aligns with addition and subtraction with two- and three-digit numbers using place-value partitioning (VC2M3N04).,mapped
numeracy,3,Number & Arithmetic,Number lines,Reading positions and steps on a number line,1,icas-y3-numeracy-c-008,VC2M3N02,"Reading, writing and ordering five-digit whole numbers",high,"Aligns with reading, writing and ordering numbers on number lines (VC2M3N02).",mapped
numeracy,3,Number & Arithmetic,Ordering digits by place value,Arranging digits to build the largest number,1,icas-y3-numeracy-db-001,VC2M3N02,"Reading, writing and ordering five-digit whole numbers",high,"Aligns with reading, writing and ordering five-digit whole numbers and place value (VC2M3N02).",mapped
numeracy,3,Number & Arithmetic,Ordering numbers,Ordering values from a table,1,g3-icas-math-logic-001,VC2M3N02,"Reading, writing and ordering five-digit whole numbers",high,"Aligns with reading, writing and ordering five-digit whole numbers and place value (VC2M3N02).",mapped
numeracy,3,Number & Arithmetic,Ordering numbers to 1000,"Ordering numbers written in words, digits and place-value form",1,icas-y3-num-number-010,VC2M3N02,"Reading, writing and ordering five-digit whole numbers",high,"Aligns with reading, writing and ordering five-digit whole numbers and place value (VC2M3N02).",mapped
numeracy,3,Number & Arithmetic,Place value,Ordering three-digit numbers,1,icas-y3-numeracy-c-003,VC2M3N02,"Reading, writing and ordering five-digit whole numbers",high,"Aligns with reading, writing and ordering five-digit whole numbers and place value (VC2M3N02).",mapped
numeracy,3,Number & Arithmetic,Place value to 1000,Building a three-digit number from place value clues,1,icas-y3-num-number-001,VC2M3N02,"Reading, writing and ordering five-digit whole numbers",high,"Aligns with reading, writing and ordering five-digit whole numbers and place value (VC2M3N02).",mapped
numeracy,3,Number & Arithmetic,Reading positions on a number line,Finding the distance between two points on a number line,1,icas-y3-numeracy-db-008,VC2M3N02,"Reading, writing and ordering five-digit whole numbers",high,"Aligns with reading, writing and ordering numbers on number lines (VC2M3N02).",mapped
numeracy,3,Number & Arithmetic,Rounding and estimation,Rounding a two-digit number to the nearest ten,1,icas-y3-numeracy-c-005,VC2M3N06,Estimation strategies and checking calculation reasonableness,high,Aligns with estimation strategies and checking calculation reasonableness (VC2M3N06).,mapped
numeracy,3,Number & Arithmetic,Rounding to the nearest ten,Rounding a two-digit number to the nearest ten,1,icas-y3-numeracy-dc-002,VC2M3N06,Estimation strategies and checking calculation reasonableness,high,Aligns with estimation strategies and checking calculation reasonableness (VC2M3N06).,mapped
numeracy,3,Number & Arithmetic,Skip counting on a number line,Counting on in equal steps from a marked point,1,icas-y3-numeracy-dc-004,VC2M3N09,Algorithms and decision sequences for investigating number patterns,high,Aligns with algorithms and decision sequences for investigating number patterns (VC2M3N09).,mapped
numeracy,3,Number & Arithmetic,Subtraction with regrouping,Comparing table data using subtraction across a zero,1,icas-y3-num-number-003,VC2M3N04,Addition and subtraction with two- and three-digit numbers using place-value partitioning,high,Aligns with addition and subtraction with two- and three-digit numbers using place-value partitioning (VC2M3N04).,mapped
numeracy,3,Number and algebra,Addition with regrouping,Add 3-digit numbers with regrouping,1,naplan-y3-numeracy-e1-001,VC2M3N04,Addition and subtraction with two- and three-digit numbers using place-value partitioning,high,Aligns with addition and subtraction with two- and three-digit numbers using place-value partitioning (VC2M3N04).,mapped
numeracy,3,Number and algebra,Addition with regrouping,Add 3-digit numbers with two regroupings,1,naplan-y3-numeracy-e1-012,VC2M3N04,Addition and subtraction with two- and three-digit numbers using place-value partitioning,high,Aligns with addition and subtraction with two- and three-digit numbers using place-value partitioning (VC2M3N04).,mapped
numeracy,3,Number and algebra,Addition with regrouping,Add two three-digit numbers involving regrouping,1,naplan-y3-numeracy-db-002,VC2M3N04,Addition and subtraction with two- and three-digit numbers using place-value partitioning,high,Aligns with addition and subtraction with two- and three-digit numbers using place-value partitioning (VC2M3N04).,mapped
numeracy,3,Number and algebra,Comparing and ordering numbers,Order three-digit numbers from smallest to largest,1,naplan-y3-numeracy-dc-002,VC2M3N02,"Reading, writing and ordering five-digit whole numbers",high,"Aligns with reading, writing and ordering five-digit whole numbers and place value (VC2M3N02).",mapped
numeracy,3,Number and algebra,Comparing fractions,Compare the size of halves and quarters of one whole,1,naplan-y3-numeracy-e2-010,VC2M3N03,"Unit fractions, multiples and completing the whole",high,"Aligns with unit fractions, multiples and completing the whole (VC2M3N03).",mapped
numeracy,3,Number and algebra,Comparing fractions,Comparing fractions with one half,1,g3-nap-num-frac-003,VC2M3N03,"Unit fractions, multiples and completing the whole",high,"Aligns with unit fractions, multiples and completing the whole (VC2M3N03).",mapped
numeracy,3,Number and algebra,Comparing numbers,Compare 3-digit numbers using place value,1,naplan-y3-numeracy-e2-014,VC2M3N02,"Reading, writing and ordering five-digit whole numbers",high,"Aligns with reading, writing and ordering five-digit whole numbers and place value (VC2M3N02).",mapped
numeracy,3,Number and algebra,Division,Share a quantity equally using a known times fact,1,naplan-y3-numeracy-dc-006,VC2M3A03,"Multiplication and related division facts for 3, 4, 5 and 10",high,"Aligns with multiplication and related division facts for 3, 4, 5 and 10 (VC2M3A03).",mapped
numeracy,3,Number and algebra,Division facts,Divide within 10x10 in a word problem,1,naplan-y3-numeracy-e1-005,VC2M3N05,Multiplication and division representations with arrays and number sentences,high,Aligns with multiplication and division representations with arrays and number sentences (VC2M3N05).,mapped
numeracy,3,Number and algebra,Division facts,Use a known multiplication fact to solve a division,1,naplan-y3-numeracy-db-005,VC2M3A03,"Multiplication and related division facts for 3, 4, 5 and 10",high,"Aligns with multiplication and related division facts for 3, 4, 5 and 10 (VC2M3A03).",mapped
numeracy,3,Number and algebra,Fractions,Describing a fraction model,1,g3-nap-num-frac-002,VC2M3N03,"Unit fractions, multiples and completing the whole",high,"Aligns with unit fractions, multiples and completing the whole (VC2M3N03).",mapped
numeracy,3,Number and algebra,Fractions,Naming fractions from a model,1,g3-nap-num-frac-001,VC2M3N03,"Unit fractions, multiples and completing the whole",high,"Aligns with unit fractions, multiples and completing the whole (VC2M3N03).",mapped
numeracy,3,Number and algebra,Fractions of a collection,Name the fraction of a group shown in a pie chart,1,naplan-y3-numeracy-db-006,VC2M3N03,"Unit fractions, multiples and completing the whole",high,"Aligns with unit fractions, multiples and completing the whole (VC2M3N03).",mapped
numeracy,3,Number and algebra,Fractions of a group,Find a fraction of a group then the remaining part,1,naplan-y3-numeracy-e2-015,VC2M3N03,"Unit fractions, multiples and completing the whole",high,"Aligns with unit fractions, multiples and completing the whole (VC2M3N03).",mapped
numeracy,3,Number and algebra,Fractions of a group,Find a unit fraction (one third) of a whole group,1,naplan-y3-numeracy-e2-003,VC2M3N03,"Unit fractions, multiples and completing the whole",high,"Aligns with unit fractions, multiples and completing the whole (VC2M3N03).",mapped
numeracy,3,Number and algebra,Fractions of a whole,Name the fraction shown by one equal part of a pie chart,1,naplan-y3-numeracy-dc-007,VC2M3N03,"Unit fractions, multiples and completing the whole",high,"Aligns with unit fractions, multiples and completing the whole (VC2M3N03).",mapped
numeracy,3,Number and algebra,Money,Add two amounts of money in cents,1,naplan-y3-numeracy-db-008,VC2M3N07,Dollar and cent relationships and monetary representations,high,Aligns with dollar and cent relationships and monetary representations (VC2M3N07).,mapped
numeracy,3,Number and algebra,Money,Adding money amounts,1,g3-nap-num-money-001,VC2M3N07,Dollar and cent relationships and monetary representations,high,Aligns with dollar and cent relationships and monetary representations (VC2M3N07).,mapped
numeracy,3,Number and algebra,Money and change,Calculate change from a purchase under $20,1,naplan-y3-numeracy-e1-008,VC2M3N07,Dollar and cent relationships and monetary representations,high,Aligns with dollar and cent relationships and monetary representations (VC2M3N07).,mapped
numeracy,3,Number and algebra,Money totals,Make and compare a money total under $20,1,naplan-y3-numeracy-e1-011,VC2M3N07,Dollar and cent relationships and monetary representations,high,Aligns with dollar and cent relationships and monetary representations (VC2M3N07).,mapped
numeracy,3,Number and algebra,Multiplication,Find a total from equal rows using multiplication,1,naplan-y3-numeracy-dc-005,VC2M3N05,Multiplication and division representations with arrays and number sentences,high,Aligns with multiplication and division representations with arrays and number sentences (VC2M3N05).,mapped
numeracy,3,Number and algebra,Multiplication facts,Multiply within 10x10 in a word problem,2,"naplan-y3-numeracy-e1-004, naplan-y3-numeracy-e1-013",VC2M3A03,"Multiplication and related division facts for 3, 4, 5 and 10",high,"Aligns with multiplication and related division facts for 3, 4, 5 and 10 (VC2M3A03).",mapped
numeracy,3,Number and algebra,Multiplication facts and two-step problems,Solve a two-step problem using a multiplication fact then subtraction,1,naplan-y3-numeracy-db-004,VC2M3N04,Addition and subtraction with two- and three-digit numbers using place-value partitioning,high,Aligns with addition and subtraction with two- and three-digit numbers using place-value partitioning (VC2M3N04).,mapped
numeracy,3,Number and algebra,Number line,Read values on a number line and find a difference,1,naplan-y3-numeracy-e2-004,VC2M3N04,Addition and subtraction with two- and three-digit numbers using place-value partitioning,high,Aligns with addition and subtraction with two- and three-digit numbers using place-value partitioning (VC2M3N04).,mapped
numeracy,3,Number and algebra,Number lines,Find the difference between points on a number line,1,naplan-y3-numeracy-e1-009,VC2M3N04,Addition and subtraction with two- and three-digit numbers using place-value partitioning,high,Aligns with addition and subtraction with two- and three-digit numbers using place-value partitioning (VC2M3N04).,mapped
numeracy,3,Number and algebra,Number patterns,Continue a doubling pattern,1,naplan-y3-numeracy-e1-016,VC2M3N09,Algorithms and decision sequences for investigating number patterns,high,Aligns with algorithms and decision sequences for investigating number patterns (VC2M3N09).,mapped
numeracy,3,Number and algebra,Number patterns,Continue a skip-counting pattern on a number line,1,naplan-y3-numeracy-dc-010,VC2M3N09,Algorithms and decision sequences for investigating number patterns,high,Aligns with algorithms and decision sequences for investigating number patterns (VC2M3N09).,mapped
numeracy,3,Number and algebra,Number patterns,Continue a skip-counting pattern shown on a number line,1,naplan-y3-numeracy-db-007,VC2M3N09,Algorithms and decision sequences for investigating number patterns,high,Aligns with algorithms and decision sequences for investigating number patterns (VC2M3N09).,mapped
numeracy,3,Number and algebra,Number patterns,Continue an increasing number pattern,1,naplan-y3-numeracy-e1-007,VC2M3N09,Algorithms and decision sequences for investigating number patterns,high,Aligns with algorithms and decision sequences for investigating number patterns (VC2M3N09).,mapped
numeracy,3,Number and algebra,Odd and even numbers,Identifying even numbers,1,g3-nap-num-number-001,VC2M3N01,Properties and behaviour of odd and even numbers,high,Aligns with properties and behaviour of odd and even numbers (VC2M3N01).,mapped
numeracy,3,Number and algebra,Ordering numbers,Order 3-digit numbers from smallest to largest,1,naplan-y3-numeracy-e2-007,VC2M3N02,"Reading, writing and ordering five-digit whole numbers",high,"Aligns with reading, writing and ordering five-digit whole numbers and place value (VC2M3N02).",mapped
numeracy,3,Number and algebra,Place value,Add 100 to a 3-digit number using place value,1,naplan-y3-numeracy-e2-011,VC2M3N04,Addition and subtraction with two- and three-digit numbers using place-value partitioning,high,Aligns with addition and subtraction with two- and three-digit numbers using place-value partitioning (VC2M3N04).,mapped
numeracy,3,Number and algebra,Place value,"Build a three-digit number from hundreds, tens and ones",1,naplan-y3-numeracy-dc-001,VC2M3N02,"Reading, writing and ordering five-digit whole numbers",high,"Aligns with reading, writing and ordering five-digit whole numbers and place value (VC2M3N02).",mapped
numeracy,3,Number and algebra,Place value,Understand the value of a digit in a 3-digit number,1,naplan-y3-numeracy-e2-001,VC2M3N02,"Reading, writing and ordering five-digit whole numbers",high,"Aligns with reading, writing and ordering five-digit whole numbers and place value (VC2M3N02).",mapped
numeracy,3,Number and algebra,Place value to 999,Identify the value of a digit in a three-digit number,1,naplan-y3-numeracy-db-001,VC2M3N02,"Reading, writing and ordering five-digit whole numbers",high,"Aligns with reading, writing and ordering five-digit whole numbers and place value (VC2M3N02).",mapped
numeracy,3,Number and algebra,Rounding,Reason backwards about rounding to the nearest 10,1,naplan-y3-numeracy-e2-012,VC2M3N06,Estimation strategies and checking calculation reasonableness,high,Aligns with estimation strategies and checking calculation reasonableness (VC2M3N06).,mapped
numeracy,3,Number and algebra,Rounding,Round a 2-digit number to the nearest 10,1,naplan-y3-numeracy-e2-002,VC2M3N06,Estimation strategies and checking calculation reasonableness,high,Aligns with estimation strategies and checking calculation reasonableness (VC2M3N06).,mapped
numeracy,3,Number and algebra,Skip counting,Reading a number line,1,g3-nap-num-number-002,VC2M3N09,Algorithms and decision sequences for investigating number patterns,high,Aligns with algorithms and decision sequences for investigating number patterns (VC2M3N09).,mapped
numeracy,3,Number and algebra,Subtraction with regrouping,Subtract 3-digit numbers with regrouping,1,naplan-y3-numeracy-e1-002,VC2M3N04,Addition and subtraction with two- and three-digit numbers using place-value partitioning,high,Aligns with addition and subtraction with two- and three-digit numbers using place-value partitioning (VC2M3N04).,mapped
numeracy,3,Number and algebra,Subtraction with regrouping,Subtract a three-digit number needing regrouping,1,naplan-y3-numeracy-dc-004,VC2M3N04,Addition and subtraction with two- and three-digit numbers using place-value partitioning,high,Aligns with addition and subtraction with two- and three-digit numbers using place-value partitioning (VC2M3N04).,mapped
numeracy,3,Number and algebra,Subtraction with regrouping across zero,Subtract a two-digit number from a three-digit number with regrouping,1,naplan-y3-numeracy-db-003,VC2M3N04,Addition and subtraction with two- and three-digit numbers using place-value partitioning,high,Aligns with addition and subtraction with two- and three-digit numbers using place-value partitioning (VC2M3N04).,mapped
numeracy,3,Number and algebra,Two-step problems,Solve a two-step money problem with multiplication then subtraction,1,naplan-y3-numeracy-dc-016,"VC2M3N07; VC2M3N08",Dollar and cent relationships and monetary representations | Mathematical modelling in practical additive and financial contexts,high,Aligns with Australian currency representations (VC2M3N07) and practical financial modelling (VC2M3N08).,mapped
numeracy,3,Number and Algebra,Addition,Addition,33,"gen-num-add-00001, gen-num-add-00009",VC2M3N04,Addition and subtraction with two- and three-digit numbers using place-value partitioning,high,Aligns with addition and subtraction with two- and three-digit numbers using place-value partitioning (VC2M3N04).,mapped
numeracy,3,Number and Algebra,Comparing numbers,Comparing numbers,14,"gen-num-compare-00191, gen-num-compare-00193",VC2M3A01,Inverse relationships between addition and subtraction,high,Aligns with inverse relationships and finding unknown quantities in equations (VC2M3A01).,mapped
numeracy,3,Number and Algebra,Division,Division,29,"gen-num-div-00004, gen-num-div-00012",VC2M3N05,Multiplication and division representations with arrays and number sentences,high,Aligns with multiplication and division representations with arrays and number sentences (VC2M3N05).,mapped
numeracy,3,Number and Algebra,Fractions of a quantity,Fractions of a quantity,28,"gen-num-frac-00005, gen-num-frac-00013",VC2M3N03,"Unit fractions, multiples and completing the whole",high,"Aligns with unit fractions, multiples and completing the whole (VC2M3N03).",mapped
numeracy,3,Number and Algebra,Multiplication,Multiplication,32,"gen-num-mul-00003, gen-num-mul-00011",VC2M3N05,Multiplication and division representations with arrays and number sentences,high,Aligns with multiplication and division representations with arrays and number sentences (VC2M3N05).,mapped
numeracy,3,Number and Algebra,Number lines,Number lines,10,"gen-num-nl-00268, gen-num-nl-00270",VC2M3A01,Inverse relationships between addition and subtraction,high,Aligns with inverse relationships and finding unknown quantities in equations (VC2M3A01).,mapped
numeracy,3,Number and Algebra,Place value,Place value,14,"gen-num-place-00192, gen-num-place-00194",VC2M3N02,"Reading, writing and ordering five-digit whole numbers",high,"Aligns with reading, writing and ordering five-digit whole numbers and place value (VC2M3N02).",mapped
numeracy,3,Number and Algebra,Rounding,Rounding,33,"gen-num-round-00006, gen-num-round-00014",VC2M3N06,Estimation strategies and checking calculation reasonableness,high,Aligns with estimation strategies and checking calculation reasonableness (VC2M3N06).,mapped
numeracy,3,Number and Algebra,Subtraction,Subtraction,33,"gen-num-sub-00002, gen-num-sub-00010",VC2M3N04,Addition and subtraction with two- and three-digit numbers using place-value partitioning,high,Aligns with addition and subtraction with two- and three-digit numbers using place-value partitioning (VC2M3N04).,mapped
numeracy,3,Patterns,Number patterns,Number patterns,27,"gen-num-pattern-00007, gen-num-pattern-00015",VC2M3N09,Algorithms and decision sequences for investigating number patterns,high,Aligns with algorithms and decision sequences for investigating number patterns (VC2M3N09).,mapped
numeracy,3,Space & Geometry,3D objects,Identifying a 3D solid from the number and shape of its faces,1,icas-y3-num-measure-010,VC2M3SP01,Classifying and comparing three-dimensional objects by geometric features,high,Aligns with classifying and comparing 3D objects by geometric features (VC2M3SP01).,mapped
numeracy,3,Space & Geometry,Identifying 2D shapes from properties,Naming a shape from its sides and corners,1,icas-y3-numeracy-db-005,VC2M3M05,Angles as measures of turn and right-angle benchmarks,high,Aligns with angles as measures of turn and right-angle benchmarks (VC2M3M05).,mapped
numeracy,3,Space & Geometry,Nets and solids,Predict the solid formed by folding a net,1,icas-y3-numeracy-e1-008,VC2M3SP01,Classifying and comparing three-dimensional objects by geometric features,high,Aligns with classifying and comparing 3D objects by geometric features (VC2M3SP01).,mapped
numeracy,3,Space & Geometry,Perimeter of a rectangle,Finding the distance around a rectangle,1,icas-y3-numeracy-db-014,VC2M3M01,Metric measurement unit selection and benchmark estimation,high,Aligns with metric measurement unit selection and benchmark estimation (VC2M3M01).,mapped
numeracy,3,Space & Geometry,Properties of 3D objects,Identifying a solid from its faces,1,icas-y3-numeracy-dc-012,VC2M3SP01,Classifying and comparing three-dimensional objects by geometric features,high,Aligns with classifying and comparing 3D objects by geometric features (VC2M3SP01).,mapped
numeracy,3,Space & Geometry,Symmetry,Reason about lines of symmetry described in words,1,icas-y3-numeracy-e1-007,VC2M3N03,"Unit fractions, multiples and completing the whole",high,"Aligns with unit fractions, multiples and completing the whole (VC2M3N03).",mapped
numeracy,3,Statistics,Bar charts,Bar charts,38,"gen-num-bar-00220, gen-num-bar-00222",VC2M3ST02,Graphical representations and comparative data analysis,high,Aligns with graphical representations and comparative data analysis (VC2M3ST02).,mapped
numeracy,3,Statistics,Statistics,num.data.read-table,4,"man-22cc2acf8951f884959120ba, man-7676c0813402c3a214573817",VC2M3ST01,Categorical and discrete data collection and frequency tables,high,Aligns with categorical and discrete data collection and frequency tables (VC2M3ST01).,mapped
numeracy,3,Statistics,Statistics,num.prod.statistics.reading-a-bar-chart,6,"man-0a9cdaa0b16d2109de7ff078, man-4c4cb3899f7498be9a4853ab",VC2M3M03,Formal time units and comparing event durations,high,Aligns with formal time units and comparing event durations (VC2M3M03).,mapped
numeracy,3,Statistics,Statistics,num.prod.statistics.reading-a-pie-chart,5,"man-1285ace6c15aa32d7ffb65ef, man-139e3e1bfd42c0ee2df7fd96",VC2M3M03,Formal time units and comparing event durations,high,Aligns with formal time units and comparing event durations (VC2M3M03).,mapped
numeracy,3,Statistics and probability,Column graphs,Add two values read from a bar graph,1,naplan-y3-numeracy-dc-009,VC2M3N04,Addition and subtraction with two- and three-digit numbers using place-value partitioning,high,Aligns with addition and subtraction with two- and three-digit numbers using place-value partitioning (VC2M3N04).,mapped
numeracy,3,Statistics and probability,Column graphs,Find the largest value on a bar graph,1,naplan-y3-numeracy-dc-008,VC2M3ST02,Graphical representations and comparative data analysis,high,Aligns with graphical representations and comparative data analysis (VC2M3ST02).,mapped
numeracy,3,Statistics and probability,Comparing data,Comparing values in a bar chart,1,g3-nap-num-data-002,VC2M3ST02,Graphical representations and comparative data analysis,high,Aligns with graphical representations and comparative data analysis (VC2M3ST02).,mapped
numeracy,3,Statistics and probability,Data interpretation,Compare two columns of a bar graph by subtracting,1,naplan-y3-numeracy-db-016,VC2M3N04,Addition and subtraction with two- and three-digit numbers using place-value partitioning,high,Aligns with addition and subtraction with two- and three-digit numbers using place-value partitioning (VC2M3N04).,mapped
numeracy,3,Statistics and probability,Interpreting bar charts,Compare two values on a bar chart,1,naplan-y3-numeracy-e1-014,VC2M3ST02,Graphical representations and comparative data analysis,high,Aligns with graphical representations and comparative data analysis (VC2M3ST02).,mapped
numeracy,3,Statistics and probability,Interpreting bar charts,Read a value from a bar chart,1,naplan-y3-numeracy-e1-003,VC2M3ST02,Graphical representations and comparative data analysis,high,Aligns with graphical representations and comparative data analysis (VC2M3ST02).,mapped
numeracy,3,Statistics and probability,Interpreting data tables,Read two values from a table and add them,1,naplan-y3-numeracy-dc-003,VC2M3N04,Addition and subtraction with two- and three-digit numbers using place-value partitioning,high,Aligns with addition and subtraction with two- and three-digit numbers using place-value partitioning (VC2M3N04).,mapped
numeracy,3,Statistics and probability,Interpreting tables,Compare and order values in a data table,1,naplan-y3-numeracy-e1-010,VC2M3ST01,Categorical and discrete data collection and frequency tables,high,Aligns with categorical and discrete data collection and frequency tables (VC2M3ST01).,mapped
numeracy,3,Statistics and probability,Line graphs,Find the change between two points on a line graph,1,naplan-y3-numeracy-dc-012,VC2M3N07,Dollar and cent relationships and monetary representations,high,Aligns with dollar and cent relationships and monetary representations (VC2M3N07).,mapped
numeracy,3,Statistics and probability,Reading a bar chart,Interpreting bar charts,1,g3-nap-num-data-001,VC2M3ST02,Graphical representations and comparative data analysis,high,Aligns with graphical representations and comparative data analysis (VC2M3ST02).,mapped
numeracy,3,Statistics and probability,Reading a line graph,Ordering values from a graph,1,g3-nap-num-data-004,VC2M3ST02,Graphical representations and comparative data analysis,high,Aligns with graphical representations and comparative data analysis (VC2M3ST02).,mapped
numeracy,3,Statistics and probability,Reading a pie chart,Relating fractions to a pie chart,1,g3-nap-num-data-003,VC2M3N03,"Unit fractions, multiples and completing the whole",high,"Aligns with unit fractions, multiples and completing the whole (VC2M3N03).",mapped
numeracy,3,Statistics and probability,Reading a table,Read a simple table to compare values,1,naplan-y3-numeracy-e2-005,VC2M3ST01,Categorical and discrete data collection and frequency tables,high,Aligns with categorical and discrete data collection and frequency tables (VC2M3ST01).,mapped
numeracy,3,Statistics and probability,Reading a table,Read a table to find the largest value,1,naplan-y3-numeracy-e2-013,VC2M3M03,Formal time units and comparing event durations,high,Aligns with formal time units and comparing event durations (VC2M3M03).,mapped
reading,3,Analysing and evaluating,A letter to the principal,Identify the purpose of a text,1,naplan-y3-reading-dd-011,VC2E3LY10,"Reading comprehension: prediction, visualising, summarising and inference",high,"Aligns with reading comprehension: prediction, visualising, summarising and inference (VC2E3LY10).",mapped
reading,3,Analysing and evaluating,A poem about the seaside,Understand a simile in a poem,1,naplan-y3-reading-db-012,VC2E3LE04,Poetic and literary devices including rhythm and onomatopoeia,high,"Aligns with poetic and literary devices including rhythm, imagery and onomatopoeia (VC2E3LE04).",mapped
reading,3,Analysing and evaluating,A thank-you letter,Identify the purpose of a text,1,naplan-y3-reading-db-009,VC2E3LY10,"Reading comprehension: prediction, visualising, summarising and inference",high,"Aligns with reading comprehension: prediction, visualising, summarising and inference (VC2E3LY10).",mapped
reading,3,Analysing and evaluating,Advertisement,Identify text purpose and audience,1,naplan-y3-reading-f1-015,VC2E3LY09,Authorial purpose and audience identification through text features,high,Aligns with authorial purpose and audience identification through text features (VC2E3LY09).,mapped
reading,3,Analysing and evaluating,Author's purpose,Identifying the purpose of a text,1,naplan-y3-reading-b-009,VC2E3LY09,Authorial purpose and audience identification through text features,high,Aligns with authorial purpose and audience identification through text features (VC2E3LY09).,mapped
reading,3,Analysing and evaluating,Descriptive writing,Explain how a writer creates a mood,1,naplan-y3-reading-da-010,VC2E3LE03,"Authorial craft: plot development, character portrayal and mood",high,"Aligns with authorial craft: plot development, character portrayal and mood (VC2E3LE03).",mapped
reading,3,Analysing and evaluating,Identifying the audience,Identifying who a text is written for,1,naplan-y3-reading-b-014,VC2E3LY09,Authorial purpose and audience identification through text features,high,Aligns with authorial purpose and audience identification through text features (VC2E3LY09).,mapped
reading,3,Analysing and evaluating,Information text,Identify the author's purpose,1,naplan-y3-reading-da-014,VC2E3LY09,Authorial purpose and audience identification through text features,high,Aligns with authorial purpose and audience identification through text features (VC2E3LY09).,mapped
reading,3,Analysing and evaluating,Instructions for a craft activity,Identify the purpose of a text feature,1,naplan-y3-reading-db-003,VC2E3LA03,Structural features and organization across diverse text types,high,Aligns with structural features and organization across diverse text types (VC2E3LA03).,mapped
reading,3,Analysing and evaluating,Making playdough,Identify the purpose of an instruction,1,naplan-y3-reading-dd-009,VC2E3LA03,Structural features and organization across diverse text types,high,Aligns with structural features and organization across diverse text types (VC2E3LA03).,mapped
reading,3,Analysing and evaluating,Notice,Identify text purpose and audience,1,naplan-y3-reading-f1-009,VC2E3LY09,Authorial purpose and audience identification through text features,high,Aligns with authorial purpose and audience identification through text features (VC2E3LY09).,mapped
reading,3,Analysing and evaluating,Procedure,Identify text purpose and audience,1,naplan-y3-reading-f1-005,VC2E3LY09,Authorial purpose and audience identification through text features,high,Aligns with authorial purpose and audience identification through text features (VC2E3LY09).,mapped
reading,3,Analysing and evaluating,Procedure,Identify the purpose of a text feature,1,naplan-y3-reading-da-006,VC2E3LA03,Structural features and organization across diverse text types,high,Aligns with structural features and organization across diverse text types (VC2E3LA03).,mapped
reading,3,Analysing and evaluating,Telling facts from opinions,Distinguishing fact from opinion,1,g3-nap-read-fact-001,VC2E3LA03,Structural features and organization across diverse text types,high,Aligns with structural features and organization across diverse text types (VC2E3LA03).,mapped
reading,3,Analysing and evaluating,Understanding a condition,Understanding a condition in a text,1,naplan-y3-reading-b-016,VC2E3LY10,"Reading comprehension: prediction, visualising, summarising and inference",high,"Aligns with reading comprehension: prediction, visualising, summarising and inference (VC2E3LY10).",mapped
reading,3,Everyday text comprehension,A letter to the principal,Connect two parts of a text,1,naplan-y3-reading-dd-013,VC2E3LY10,"Reading comprehension: prediction, visualising, summarising and inference",high,"Aligns with reading comprehension: prediction, visualising, summarising and inference (VC2E3LY10).",mapped
reading,3,Fact and opinion,Fact and opinion,read.prod.fact-and-opinion.telling-facts-from-opinions,1,man-6feafa35762f70e3ddcb0719,VC2E3LY10,"Reading comprehension: prediction, visualising, summarising and inference",high,"Aligns with reading comprehension: prediction, visualising, summarising and inference (VC2E3LY10).",mapped
reading,3,Information text comprehension,Linking features to their use,Matching parts of an animal to their use,1,naplan-y3-reading-b-006,VC2E3LY10,"Reading comprehension: prediction, visualising, summarising and inference",high,"Aligns with reading comprehension: prediction, visualising, summarising and inference (VC2E3LY10).",mapped
reading,3,Information text comprehension,Parts of a plant,Match details to parts of a text,1,naplan-y3-reading-db-005,VC2E3LY10,"Reading comprehension: prediction, visualising, summarising and inference",high,"Aligns with reading comprehension: prediction, visualising, summarising and inference (VC2E3LY10).",mapped
reading,3,Information text comprehension,The emu,Connect two parts of a text,1,naplan-y3-reading-dd-003,VC2E3LY10,"Reading comprehension: prediction, visualising, summarising and inference",high,"Aligns with reading comprehension: prediction, visualising, summarising and inference (VC2E3LY10).",mapped
reading,3,Information text comprehension,The emu,Match facts to details in a text,1,naplan-y3-reading-dd-002,VC2E3LY10,"Reading comprehension: prediction, visualising, summarising and inference",high,"Aligns with reading comprehension: prediction, visualising, summarising and inference (VC2E3LY10).",mapped
reading,3,Information text comprehension,The emu,Work out the meaning of words in context,1,naplan-y3-reading-dd-004,VC2E3LY10,"Reading comprehension: prediction, visualising, summarising and inference",high,"Aligns with reading comprehension: prediction, visualising, summarising and inference (VC2E3LY10).",mapped
reading,3,Integrating and interpreting,A poem about the seaside,Connect two parts of a text,1,naplan-y3-reading-db-013,VC2E3LE04,Poetic and literary devices including rhythm and onomatopoeia,high,"Aligns with poetic and literary devices including rhythm, imagery and onomatopoeia (VC2E3LE04).",mapped
reading,3,Integrating and interpreting,A poem about the seaside,Work out the meaning of a phrase in a poem,1,naplan-y3-reading-db-011,"VC2E3LA11; VC2E3LY10","Topic-specific vocabulary expansion and word relationships | Reading comprehension: prediction, visualising, summarising and inference",high,Aligns with topic vocabulary expansion (VC2E3LA11) and reading comprehension in context (VC2E3LY10).,mapped
reading,3,Integrating and interpreting,A recount of a school sports day,Connect two parts of a text to explain why,1,naplan-y3-reading-db-016,VC2E3LA03,Structural features and organization across diverse text types,high,Aligns with structural features and organization across diverse text types (VC2E3LA03).,mapped
reading,3,Integrating and interpreting,A recount of a school sports day,Identify the main idea or overall feeling,1,naplan-y3-reading-db-015,VC2E3LE03,"Authorial craft: plot development, character portrayal and mood",high,"Aligns with authorial craft: plot development, character portrayal and mood (VC2E3LE03).",mapped
reading,3,Integrating and interpreting,A thank-you letter,Infer a feeling from clues in the text,1,naplan-y3-reading-db-010,VC2E3LE03,"Authorial craft: plot development, character portrayal and mood",high,"Aligns with authorial craft: plot development, character portrayal and mood (VC2E3LE03).",mapped
reading,3,Integrating and interpreting,Cause of an event,Working out why an event happens,1,naplan-y3-reading-b-013,VC2E3LY10,"Reading comprehension: prediction, visualising, summarising and inference",high,"Aligns with reading comprehension: prediction, visualising, summarising and inference (VC2E3LY10).",mapped
reading,3,Integrating and interpreting,Descriptive writing,Identify the main idea,1,naplan-y3-reading-da-009,VC2E3LY10,"Reading comprehension: prediction, visualising, summarising and inference",high,"Aligns with reading comprehension: prediction, visualising, summarising and inference (VC2E3LY10).",mapped
reading,3,Integrating and interpreting,Descriptive writing,Work out the meaning of a phrase in context,1,naplan-y3-reading-da-008,"VC2E3LA11; VC2E3LY10","Topic-specific vocabulary expansion and word relationships | Reading comprehension: prediction, visualising, summarising and inference",high,Aligns with topic vocabulary expansion (VC2E3LA11) and reading comprehension in context (VC2E3LY10).,mapped
reading,3,Integrating and interpreting,Drawing a conclusion,Drawing a conclusion from a stated fact,1,naplan-y3-reading-b-007,VC2E3LY10,"Reading comprehension: prediction, visualising, summarising and inference",high,"Aligns with reading comprehension: prediction, visualising, summarising and inference (VC2E3LY10).",mapped
reading,3,Integrating and interpreting,Factual recount,Work out the meaning of a word in context,1,naplan-y3-reading-da-004,"VC2E3LA11; VC2E3LY10","Topic-specific vocabulary expansion and word relationships | Reading comprehension: prediction, visualising, summarising and inference",high,Aligns with topic vocabulary expansion (VC2E3LA11) and reading comprehension in context (VC2E3LY10).,mapped
reading,3,Integrating and interpreting,Identifying the main idea,Identifying the main idea of a text,1,naplan-y3-reading-b-005,VC2E3LY10,"Reading comprehension: prediction, visualising, summarising and inference",high,"Aligns with reading comprehension: prediction, visualising, summarising and inference (VC2E3LY10).",mapped
reading,3,Integrating and interpreting,Inferring character motivation,Inferring reasons for actions,1,g3-nap-read-infer-001,VC2E3LE03,"Authorial craft: plot development, character portrayal and mood",high,"Aligns with authorial craft: plot development, character portrayal and mood (VC2E3LE03).",mapped
reading,3,Integrating and interpreting,Inferring feelings,Working out how a person feels,1,naplan-y3-reading-b-012,VC2E3LE03,"Authorial craft: plot development, character portrayal and mood",high,"Aligns with authorial craft: plot development, character portrayal and mood (VC2E3LE03).",mapped
reading,3,Integrating and interpreting,Information report,Identify the main idea of a paragraph or whole text,2,"naplan-y3-reading-f1-002, naplan-y3-reading-f1-012",VC2E3LY10,"Reading comprehension: prediction, visualising, summarising and inference",high,"Aligns with reading comprehension: prediction, visualising, summarising and inference (VC2E3LY10).",mapped
reading,3,Integrating and interpreting,Meaning from context,Working out a word's meaning from context,1,naplan-y3-reading-b-003,VC2E3LY10,"Reading comprehension: prediction, visualising, summarising and inference",high,"Aligns with reading comprehension: prediction, visualising, summarising and inference (VC2E3LY10).",mapped
reading,3,Integrating and interpreting,Narrative,Follow cause and effect in a short text,2,"naplan-y3-reading-f1-007, naplan-y3-reading-f1-013",VC2E3LY10,"Reading comprehension: prediction, visualising, summarising and inference",high,"Aligns with reading comprehension: prediction, visualising, summarising and inference (VC2E3LY10).",mapped
reading,3,Integrating and interpreting,Narrative,Make a straightforward inference from the text,3,"naplan-y3-reading-f1-003, naplan-y3-reading-f1-010",VC2E3LY10,"Reading comprehension: prediction, visualising, summarising and inference",high,"Aligns with reading comprehension: prediction, visualising, summarising and inference (VC2E3LY10).",mapped
reading,3,Integrating and interpreting,Parts of a plant,Identify the main idea of a text,1,naplan-y3-reading-db-007,VC2E3LY10,"Reading comprehension: prediction, visualising, summarising and inference",high,"Aligns with reading comprehension: prediction, visualising, summarising and inference (VC2E3LY10).",mapped
reading,3,Integrating and interpreting,Parts of a plant,Work out the meaning of a word in context,1,naplan-y3-reading-db-006,"VC2E3LA11; VC2E3LY10","Topic-specific vocabulary expansion and word relationships | Reading comprehension: prediction, visualising, summarising and inference",high,Aligns with topic vocabulary expansion (VC2E3LA11) and reading comprehension in context (VC2E3LY10).,mapped
reading,3,Integrating and interpreting,Poetry,Understand figurative language in a poem,1,naplan-y3-reading-da-015,VC2E3LE04,Poetic and literary devices including rhythm and onomatopoeia,high,"Aligns with poetic and literary devices including rhythm, imagery and onomatopoeia (VC2E3LE04).",mapped
reading,3,Integrating and interpreting,Reason for an instruction,Inferring the reason behind an instruction,1,naplan-y3-reading-b-010,VC2E3LA03,Structural features and organization across diverse text types,high,Aligns with structural features and organization across diverse text types (VC2E3LA03).,mapped
reading,3,Integrating and interpreting,Word meaning,Understand vocabulary in context,2,"naplan-y3-reading-f1-004, naplan-y3-reading-f1-011","VC2E3LA11; VC2E3LY10","Topic-specific vocabulary expansion and word relationships | Reading comprehension: prediction, visualising, summarising and inference",high,Aligns with topic vocabulary expansion (VC2E3LA11) and reading comprehension in context (VC2E3LY10).,mapped
reading,3,Integrating and interpreting,Word meaning from context,Choosing the best word meaning,1,g3-nap-read-vocab-002,"VC2E3LA11; VC2E3LY10","Topic-specific vocabulary expansion and word relationships | Reading comprehension: prediction, visualising, summarising and inference",high,Aligns with topic vocabulary expansion (VC2E3LA11) and reading comprehension in context (VC2E3LY10).,mapped
reading,3,Integrating and interpreting,Word meaning from context,Using context clues for word meaning,1,g3-nap-read-vocab-001,"VC2E3LA11; VC2E3LY10","Topic-specific vocabulary expansion and word relationships | Reading comprehension: prediction, visualising, summarising and inference",high,Aligns with topic vocabulary expansion (VC2E3LA11) and reading comprehension in context (VC2E3LY10).,mapped
reading,3,Literal comprehension,Literal comprehension,read.prod.literal-comprehension.checking-statements-against-a-text,1,man-ba940ada9e2f831cfa2cbb02,VC2E3LY10,"Reading comprehension: prediction, visualising, summarising and inference",high,"Aligns with reading comprehension: prediction, visualising, summarising and inference (VC2E3LY10).",mapped
reading,3,Literal comprehension,Literal comprehension,read.prod.literal-comprehension.recalling-a-detail,2,"man-421539e4c12183b780dd9dc6, man-a5f09525689ca130cf7e7352",VC2E3LY10,"Reading comprehension: prediction, visualising, summarising and inference",high,"Aligns with reading comprehension: prediction, visualising, summarising and inference (VC2E3LY10).",mapped
reading,3,Locating and identifying,A letter to the principal,Locate directly stated information,1,naplan-y3-reading-dd-012,VC2E3LY10,"Reading comprehension: prediction, visualising, summarising and inference",high,"Aligns with reading comprehension: prediction, visualising, summarising and inference (VC2E3LY10).",mapped
reading,3,Locating and identifying,A recount of a school sports day,Locate directly stated information,1,naplan-y3-reading-db-014,VC2E3LA03,Structural features and organization across diverse text types,high,Aligns with structural features and organization across diverse text types (VC2E3LA03).,mapped
reading,3,Locating and identifying,A thank-you letter,Locate directly stated information,1,naplan-y3-reading-db-008,VC2E3LY10,"Reading comprehension: prediction, visualising, summarising and inference",high,"Aligns with reading comprehension: prediction, visualising, summarising and inference (VC2E3LY10).",mapped
reading,3,Locating and identifying,Checking statements against a text,Verifying details in an information text,1,g3-nap-read-literal-002,VC2E3LY10,"Reading comprehension: prediction, visualising, summarising and inference",high,"Aligns with reading comprehension: prediction, visualising, summarising and inference (VC2E3LY10).",mapped
reading,3,Locating and identifying,Factual recount,Infer a feeling from clues,1,naplan-y3-reading-da-003,VC2E3LE03,"Authorial craft: plot development, character portrayal and mood",high,"Aligns with authorial craft: plot development, character portrayal and mood (VC2E3LE03).",mapped
reading,3,Locating and identifying,Factual recount,Locate directly stated information,1,naplan-y3-reading-da-001,VC2E3LA03,Structural features and organization across diverse text types,high,Aligns with structural features and organization across diverse text types (VC2E3LA03).,mapped
reading,3,Locating and identifying,Factual recount,Sequence events in a recount,1,naplan-y3-reading-da-002,VC2E3LA03,Structural features and organization across diverse text types,high,Aligns with structural features and organization across diverse text types (VC2E3LA03).,mapped
reading,3,Locating and identifying,Finding information in a story,Locating directly stated details,1,g3-nap-read-literal-001,VC2E3LY10,"Reading comprehension: prediction, visualising, summarising and inference",high,"Aligns with reading comprehension: prediction, visualising, summarising and inference (VC2E3LY10).",mapped
reading,3,Locating and identifying,Following a procedure,Identifying the order of steps,1,g3-nap-read-sequence-001,VC2E3LA03,Structural features and organization across diverse text types,high,Aligns with structural features and organization across diverse text types (VC2E3LA03).,mapped
reading,3,Locating and identifying,Information report,Locate directly stated information in a text,1,naplan-y3-reading-f1-008,VC2E3LY10,"Reading comprehension: prediction, visualising, summarising and inference",high,"Aligns with reading comprehension: prediction, visualising, summarising and inference (VC2E3LY10).",mapped
reading,3,Locating and identifying,Information text,Connect two parts of a text,1,naplan-y3-reading-da-013,VC2E3LY10,"Reading comprehension: prediction, visualising, summarising and inference",high,"Aligns with reading comprehension: prediction, visualising, summarising and inference (VC2E3LY10).",mapped
reading,3,Locating and identifying,Information text,Locate directly stated information,1,naplan-y3-reading-da-011,VC2E3LY10,"Reading comprehension: prediction, visualising, summarising and inference",high,"Aligns with reading comprehension: prediction, visualising, summarising and inference (VC2E3LY10).",mapped
reading,3,Locating and identifying,Information text,Match facts to details in a text,1,naplan-y3-reading-da-012,VC2E3LY10,"Reading comprehension: prediction, visualising, summarising and inference",high,"Aligns with reading comprehension: prediction, visualising, summarising and inference (VC2E3LY10).",mapped
reading,3,Locating and identifying,Instructions for a craft activity,Locate directly stated information,1,naplan-y3-reading-db-001,VC2E3LA03,Structural features and organization across diverse text types,high,Aligns with structural features and organization across diverse text types (VC2E3LA03).,mapped
reading,3,Locating and identifying,Making playdough,Locate directly stated information,1,naplan-y3-reading-dd-008,VC2E3LY10,"Reading comprehension: prediction, visualising, summarising and inference",high,"Aligns with reading comprehension: prediction, visualising, summarising and inference (VC2E3LY10).",mapped
reading,3,Locating and identifying,Narrative,Locate directly stated information in a text,2,"naplan-y3-reading-f1-001, naplan-y3-reading-f1-014",VC2E3LY10,"Reading comprehension: prediction, visualising, summarising and inference",high,"Aligns with reading comprehension: prediction, visualising, summarising and inference (VC2E3LY10).",mapped
reading,3,Locating and identifying,Ordering story events,Sequencing events in a narrative,1,g3-nap-read-sequence-002,VC2E3LY10,"Reading comprehension: prediction, visualising, summarising and inference",high,"Aligns with reading comprehension: prediction, visualising, summarising and inference (VC2E3LY10).",mapped
reading,3,Locating and identifying,Parts of a plant,Locate directly stated information,1,naplan-y3-reading-db-004,VC2E3LY10,"Reading comprehension: prediction, visualising, summarising and inference",high,"Aligns with reading comprehension: prediction, visualising, summarising and inference (VC2E3LY10).",mapped
reading,3,Locating and identifying,Poetry,Infer a cause from the text,1,naplan-y3-reading-da-016,VC2E3LE04,Poetic and literary devices including rhythm and onomatopoeia,high,"Aligns with poetic and literary devices including rhythm, imagery and onomatopoeia (VC2E3LE04).",mapped
reading,3,Locating and identifying,Procedure,Follow the sequence of steps,1,naplan-y3-reading-da-007,VC2E3LA03,Structural features and organization across diverse text types,high,Aligns with structural features and organization across diverse text types (VC2E3LA03).,mapped
reading,3,Locating and identifying,Procedure,Locate directly stated information,1,naplan-y3-reading-da-005,VC2E3LA03,Structural features and organization across diverse text types,high,Aligns with structural features and organization across diverse text types (VC2E3LA03).,mapped
reading,3,Locating and identifying,Reading a timetable,Finding information in a table,1,g3-nap-read-table-001,VC2E3LA05,Visual layout and navigational features in print and digital media,high,Aligns with visual layout and navigational features in print and digital media (VC2E3LA05).,mapped
reading,3,Locating and identifying,Reason for a rule,Finding the reason given for a rule,1,naplan-y3-reading-b-015,VC2E3LY10,"Reading comprehension: prediction, visualising, summarising and inference",high,"Aligns with reading comprehension: prediction, visualising, summarising and inference (VC2E3LY10).",mapped
reading,3,Locating and identifying,Recalling a detail,Finding a detail in a poem,1,naplan-y3-reading-b-011,VC2E3LE04,Poetic and literary devices including rhythm and onomatopoeia,high,"Aligns with poetic and literary devices including rhythm, imagery and onomatopoeia (VC2E3LE04).",mapped
reading,3,Locating and identifying,Recalling a detail,Recalling names and details,1,g3-nap-read-literal-003,VC2E3LY10,"Reading comprehension: prediction, visualising, summarising and inference",high,"Aligns with reading comprehension: prediction, visualising, summarising and inference (VC2E3LY10).",mapped
reading,3,Locating and identifying,Recalling a stated detail,Locating a directly stated detail,1,naplan-y3-reading-b-001,VC2E3LY10,"Reading comprehension: prediction, visualising, summarising and inference",high,"Aligns with reading comprehension: prediction, visualising, summarising and inference (VC2E3LY10).",mapped
reading,3,Locating and identifying,Recalling a stated fact,Finding a fact in an information text,1,naplan-y3-reading-b-004,VC2E3LY10,"Reading comprehension: prediction, visualising, summarising and inference",high,"Aligns with reading comprehension: prediction, visualising, summarising and inference (VC2E3LY10).",mapped
reading,3,Locating and identifying,Recalling a step,Following a specific step in instructions,1,naplan-y3-reading-b-008,VC2E3LA03,Structural features and organization across diverse text types,high,Aligns with structural features and organization across diverse text types (VC2E3LA03).,mapped
reading,3,Locating and identifying,The blackout,Locate directly stated information,1,naplan-y3-reading-dd-005,VC2E3LY10,"Reading comprehension: prediction, visualising, summarising and inference",high,"Aligns with reading comprehension: prediction, visualising, summarising and inference (VC2E3LY10).",mapped
reading,3,Locating and identifying,The emu,Locate directly stated information,1,naplan-y3-reading-dd-001,VC2E3LY10,"Reading comprehension: prediction, visualising, summarising and inference",high,"Aligns with reading comprehension: prediction, visualising, summarising and inference (VC2E3LY10).",mapped
reading,3,Narrative comprehension,Ordering story events,Sequencing events in a story,1,naplan-y3-reading-b-002,VC2E3LY10,"Reading comprehension: prediction, visualising, summarising and inference",high,"Aligns with reading comprehension: prediction, visualising, summarising and inference (VC2E3LY10).",mapped
reading,3,Narrative comprehension,The blackout,Infer a feeling from clues in the text,1,naplan-y3-reading-dd-007,VC2E3LE03,"Authorial craft: plot development, character portrayal and mood",high,"Aligns with authorial craft: plot development, character portrayal and mood (VC2E3LE03).",mapped
reading,3,Narrative comprehension,The blackout,Sequence events in a recount,1,naplan-y3-reading-dd-006,VC2E3LA03,Structural features and organization across diverse text types,high,Aligns with structural features and organization across diverse text types (VC2E3LA03).,mapped
reading,3,Poetry comprehension,The wind,Infer meaning from a poem,1,naplan-y3-reading-dd-016,VC2E3LE04,Poetic and literary devices including rhythm and onomatopoeia,high,"Aligns with poetic and literary devices including rhythm, imagery and onomatopoeia (VC2E3LE04).",mapped
reading,3,Poetry comprehension,The wind,Understand figurative language in a poem,1,naplan-y3-reading-dd-014,VC2E3LE04,Poetic and literary devices including rhythm and onomatopoeia,high,"Aligns with poetic and literary devices including rhythm, imagery and onomatopoeia (VC2E3LE04).",mapped
reading,3,Poetry comprehension,The wind,Work out the meaning of a word in a poem,1,naplan-y3-reading-dd-015,"VC2E3LA11; VC2E3LY10","Topic-specific vocabulary expansion and word relationships | Reading comprehension: prediction, visualising, summarising and inference",high,Aligns with topic vocabulary expansion (VC2E3LA11) and reading comprehension in context (VC2E3LY10).,mapped
reading,3,Procedural text comprehension,Instructions for a craft activity,Sequence the steps in a procedure,1,naplan-y3-reading-db-002,VC2E3LA03,Structural features and organization across diverse text types,high,Aligns with structural features and organization across diverse text types (VC2E3LA03).,mapped
reading,3,Procedural text comprehension,Making playdough,Follow the sequence of steps,1,naplan-y3-reading-dd-010,VC2E3LY10,"Reading comprehension: prediction, visualising, summarising and inference",high,"Aligns with reading comprehension: prediction, visualising, summarising and inference (VC2E3LY10).",mapped
reading,3,Procedural text comprehension,Procedure,Follow sequence in a short text,1,naplan-y3-reading-f1-006,VC2E3LA03,Structural features and organization across diverse text types,high,Aligns with structural features and organization across diverse text types (VC2E3LA03).,mapped
reading,3,Reading comprehension,Finding information,Finding information,72,"gen-read-00435, gen-read-00436",VC2E3LY10,"Reading comprehension: prediction, visualising, summarising and inference",high,"Aligns with reading comprehension: prediction, visualising, summarising and inference (VC2E3LY10).",mapped
reading,3,Sequencing,Sequencing,read.prod.sequencing.following-a-procedure,1,man-811abba54c3d9806a2730a2d,VC2E3LA03,Structural features and organization across diverse text types,high,Aligns with structural features and organization across diverse text types (VC2E3LA03).,mapped
reading,3,Text Comprehension,Author purpose,Identify the author's purpose,2,"icas-y3-reading-db-006, icas-y3-reading-db-016",VC2E3LY09,Authorial purpose and audience identification through text features,high,Aligns with authorial purpose and audience identification through text features (VC2E3LY09).,mapped
reading,3,Text Comprehension,Author's point of view,Identify the author's point of view,1,icas-y3-reading-f1-007,VC2E3LY10,"Reading comprehension: prediction, visualising, summarising and inference",high,"Aligns with reading comprehension: prediction, visualising, summarising and inference (VC2E3LY10).",mapped
reading,3,Text Comprehension,Author's purpose,Determine the author's purpose,2,"icas-y3-reading-f1-006, icas-y3-reading-f1-014",VC2E3LY09,Authorial purpose and audience identification through text features,high,Aligns with authorial purpose and audience identification through text features (VC2E3LY09).,mapped
reading,3,Text Comprehension,Author's purpose,Identify the author's purpose,2,"icas-y3-reading-dc-006, icas-y3-reading-dc-014",VC2E3LY09,Authorial purpose and audience identification through text features,high,Aligns with authorial purpose and audience identification through text features (VC2E3LY09).,mapped
reading,3,Text Comprehension,Cause and effect,Identify cause and effect,2,"icas-y3-reading-dc-002, icas-y3-reading-dc-011",VC2E3LY10,"Reading comprehension: prediction, visualising, summarising and inference",high,"Aligns with reading comprehension: prediction, visualising, summarising and inference (VC2E3LY10).",mapped
reading,3,Text Comprehension,Cause and effect,Identify cause and effect in a text,2,"icas-y3-reading-f1-005, icas-y3-reading-f1-012",VC2E3LY10,"Reading comprehension: prediction, visualising, summarising and inference",high,"Aligns with reading comprehension: prediction, visualising, summarising and inference (VC2E3LY10).",mapped
reading,3,Text Comprehension,Cause and effect,Identifying the cause of an event,1,icas-y3-reading-c-002,VC2E3LY10,"Reading comprehension: prediction, visualising, summarising and inference",high,"Aligns with reading comprehension: prediction, visualising, summarising and inference (VC2E3LY10).",mapped
reading,3,Text Comprehension,Cause and effect,Identifying the effect of an action,1,icas-y3-reading-c-008,VC2E3LY10,"Reading comprehension: prediction, visualising, summarising and inference",high,"Aligns with reading comprehension: prediction, visualising, summarising and inference (VC2E3LY10).",mapped
reading,3,Text Comprehension,Character feelings,Infer a character's feeling from evidence in the text,1,icas-y3-reading-f1-010,VC2E3LE03,"Authorial craft: plot development, character portrayal and mood",high,"Aligns with authorial craft: plot development, character portrayal and mood (VC2E3LE03).",mapped
reading,3,Text Comprehension,Compare characters,Compare two characters,1,icas-y3-reading-db-009,VC2E3LE03,"Authorial craft: plot development, character portrayal and mood",high,"Aligns with authorial craft: plot development, character portrayal and mood (VC2E3LE03).",mapped
reading,3,Text Comprehension,Comparing details,Compare the roles of different characters,1,icas-y3-reading-dc-008,VC2E3LE03,"Authorial craft: plot development, character portrayal and mood",high,"Aligns with authorial craft: plot development, character portrayal and mood (VC2E3LE03).",mapped
reading,3,Text Comprehension,Comparing details,Compare two things in a text,1,icas-y3-reading-dc-016,VC2E3LY10,"Reading comprehension: prediction, visualising, summarising and inference",high,"Aligns with reading comprehension: prediction, visualising, summarising and inference (VC2E3LY10).",mapped
reading,3,Text Comprehension,Comparing information,Compare information across parts of a text,1,icas-y3-reading-f1-011,VC2E3LY10,"Reading comprehension: prediction, visualising, summarising and inference",high,"Aligns with reading comprehension: prediction, visualising, summarising and inference (VC2E3LY10).",mapped
reading,3,Text Comprehension,Comparing two characters,Comparing how two characters behave,1,icas-y3-reading-c-001,VC2E3LE03,"Authorial craft: plot development, character portrayal and mood",high,"Aligns with authorial craft: plot development, character portrayal and mood (VC2E3LE03).",mapped
reading,3,Text Comprehension,Comparing two characters,Selecting statements that correctly compare two characters,1,icas-y3-reading-c-007,VC2E3LE03,"Authorial craft: plot development, character portrayal and mood",high,"Aligns with authorial craft: plot development, character portrayal and mood (VC2E3LE03).",mapped
reading,3,Text Comprehension,Desert lizard,Finding information stated directly in a text,1,icas-y3-read-information-014,VC2E3LY10,"Reading comprehension: prediction, visualising, summarising and inference",high,"Aligns with reading comprehension: prediction, visualising, summarising and inference (VC2E3LY10).",mapped
reading,3,Text Comprehension,Desert lizard,Working out the meaning of a word from its context,1,icas-y3-read-information-013,"VC2E3LA11; VC2E3LY10","Topic-specific vocabulary expansion and word relationships | Reading comprehension: prediction, visualising, summarising and inference",high,Aligns with topic vocabulary expansion (VC2E3LA11) and reading comprehension in context (VC2E3LY10).,mapped
reading,3,Text Comprehension,Desert lizard,Working out why an author included a paragraph,1,icas-y3-read-information-015,VC2E3LY10,"Reading comprehension: prediction, visualising, summarising and inference",high,"Aligns with reading comprehension: prediction, visualising, summarising and inference (VC2E3LY10).",mapped
reading,3,Text Comprehension,Draw a conclusion,Draw a conclusion about the message,1,icas-y3-reading-db-011,VC2E3LY10,"Reading comprehension: prediction, visualising, summarising and inference",high,"Aligns with reading comprehension: prediction, visualising, summarising and inference (VC2E3LY10).",mapped
reading,3,Text Comprehension,Drawing a conclusion,Drawing a conclusion by combining two facts,1,icas-y3-reading-c-005,VC2E3LY10,"Reading comprehension: prediction, visualising, summarising and inference",high,"Aligns with reading comprehension: prediction, visualising, summarising and inference (VC2E3LY10).",mapped
reading,3,Text Comprehension,Explaining a character's action,Inferring why a character acts,1,icas-y3-read-narrative-014,VC2E3LE03,"Authorial craft: plot development, character portrayal and mood",high,"Aligns with authorial craft: plot development, character portrayal and mood (VC2E3LE03).",mapped
reading,3,Text Comprehension,From egg to frog,Compare and contrast details in a text,1,icas-y3-reading-dd-014,VC2E3LY10,"Reading comprehension: prediction, visualising, summarising and inference",high,"Aligns with reading comprehension: prediction, visualising, summarising and inference (VC2E3LY10).",mapped
reading,3,Text Comprehension,From egg to frog,Identify cause and effect in a text,1,icas-y3-reading-dd-015,VC2E3LY10,"Reading comprehension: prediction, visualising, summarising and inference",high,"Aligns with reading comprehension: prediction, visualising, summarising and inference (VC2E3LY10).",mapped
reading,3,Text Comprehension,From egg to frog,Sequence events in the order they happen,1,icas-y3-reading-dd-013,VC2E3LY10,"Reading comprehension: prediction, visualising, summarising and inference",high,"Aligns with reading comprehension: prediction, visualising, summarising and inference (VC2E3LY10).",mapped
reading,3,Text Comprehension,How a pencil is made,Finding information stated directly in a text,1,icas-y3-read-information-007,VC2E3LY10,"Reading comprehension: prediction, visualising, summarising and inference",high,"Aligns with reading comprehension: prediction, visualising, summarising and inference (VC2E3LY10).",mapped
reading,3,Text Comprehension,How a pencil is made,Working out the meaning of a word from its context,1,icas-y3-read-information-008,"VC2E3LA11; VC2E3LY10","Topic-specific vocabulary expansion and word relationships | Reading comprehension: prediction, visualising, summarising and inference",high,Aligns with topic vocabulary expansion (VC2E3LA11) and reading comprehension in context (VC2E3LY10).,mapped
reading,3,Text Comprehension,Infer motive,Infer a character's motive,1,icas-y3-reading-db-010,VC2E3LE03,"Authorial craft: plot development, character portrayal and mood",high,"Aligns with authorial craft: plot development, character portrayal and mood (VC2E3LE03).",mapped
reading,3,Text Comprehension,Inference,Infer a character trait from evidence in the text,1,icas-y3-reading-f1-016,VC2E3LE03,"Authorial craft: plot development, character portrayal and mood",high,"Aligns with authorial craft: plot development, character portrayal and mood (VC2E3LE03).",mapped
reading,3,Text Comprehension,Inference,Infer a character's motive from evidence in the text,2,"icas-y3-reading-f1-002, icas-y3-reading-f1-009",VC2E3LE03,"Authorial craft: plot development, character portrayal and mood",high,"Aligns with authorial craft: plot development, character portrayal and mood (VC2E3LE03).",mapped
reading,3,Text Comprehension,Inferring a character's motive,Inferring why a character acts,1,icas-y3-read-narrative-005,VC2E3LE03,"Authorial craft: plot development, character portrayal and mood",high,"Aligns with authorial craft: plot development, character portrayal and mood (VC2E3LE03).",mapped
reading,3,Text Comprehension,Inferring a speaker's purpose,Inferring why a character says something,1,icas-y3-read-narrative-002,VC2E3LE03,"Authorial craft: plot development, character portrayal and mood",high,"Aligns with authorial craft: plot development, character portrayal and mood (VC2E3LE03).",mapped
reading,3,Text Comprehension,Inferring feelings,Infer a character's feeling,2,"icas-y3-reading-dc-001, icas-y3-reading-dc-009",VC2E3LE03,"Authorial craft: plot development, character portrayal and mood",high,"Aligns with authorial craft: plot development, character portrayal and mood (VC2E3LE03).",mapped
reading,3,Text Comprehension,Inferring feelings from behaviour,Inferring how a character feels,1,icas-y3-read-narrative-001,VC2E3LE03,"Authorial craft: plot development, character portrayal and mood",high,"Aligns with authorial craft: plot development, character portrayal and mood (VC2E3LE03).",mapped
reading,3,Text Comprehension,Inferring mood from a closing action,Inferring how characters feel,1,icas-y3-read-narrative-008,VC2E3LE03,"Authorial craft: plot development, character portrayal and mood",high,"Aligns with authorial craft: plot development, character portrayal and mood (VC2E3LE03).",mapped
reading,3,Text Comprehension,Inferring the reason behind a decision,Inferring why a character acts,1,icas-y3-read-narrative-011,VC2E3LE03,"Authorial craft: plot development, character portrayal and mood",high,"Aligns with authorial craft: plot development, character portrayal and mood (VC2E3LE03).",mapped
reading,3,Text Comprehension,Information cause and effect,Reason about cause and effect,1,icas-y3-reading-db-014,VC2E3LY10,"Reading comprehension: prediction, visualising, summarising and inference",high,"Aligns with reading comprehension: prediction, visualising, summarising and inference (VC2E3LY10).",mapped
reading,3,Text Comprehension,Information cause and effect,Understand cause and effect in a text,1,icas-y3-reading-db-008,VC2E3LY10,"Reading comprehension: prediction, visualising, summarising and inference",high,"Aligns with reading comprehension: prediction, visualising, summarising and inference (VC2E3LY10).",mapped
reading,3,Text Comprehension,Information main idea,Identify the main idea,1,icas-y3-reading-db-005,VC2E3LY10,"Reading comprehension: prediction, visualising, summarising and inference",high,"Aligns with reading comprehension: prediction, visualising, summarising and inference (VC2E3LY10).",mapped
reading,3,Text Comprehension,Insect migration,Finding information stated directly in a text,1,icas-y3-read-information-001,VC2E3LY10,"Reading comprehension: prediction, visualising, summarising and inference",high,"Aligns with reading comprehension: prediction, visualising, summarising and inference (VC2E3LY10).",mapped
reading,3,Text Comprehension,Insect migration,Identifying the main idea of a whole text,1,icas-y3-read-information-003,VC2E3LY10,"Reading comprehension: prediction, visualising, summarising and inference",high,"Aligns with reading comprehension: prediction, visualising, summarising and inference (VC2E3LY10).",mapped
reading,3,Text Comprehension,Insect migration,Using headings to find the right part of a text,1,icas-y3-read-information-002,VC2E3LA05,Visual layout and navigational features in print and digital media,high,Aligns with visual layout and navigational features in print and digital media (VC2E3LA05).,mapped
reading,3,Text Comprehension,Linking details to facts,Matching each detail to what the text says about it,1,icas-y3-reading-c-006,VC2E3LY10,"Reading comprehension: prediction, visualising, summarising and inference",high,"Aligns with reading comprehension: prediction, visualising, summarising and inference (VC2E3LY10).",mapped
reading,3,Text Comprehension,Locate and match details,Match information to details in a text,1,icas-y3-reading-db-007,VC2E3LY10,"Reading comprehension: prediction, visualising, summarising and inference",high,"Aligns with reading comprehension: prediction, visualising, summarising and inference (VC2E3LY10).",mapped
reading,3,Text Comprehension,Locating details,Identify a supporting detail in a text,1,icas-y3-reading-f1-013,VC2E3LY10,"Reading comprehension: prediction, visualising, summarising and inference",high,"Aligns with reading comprehension: prediction, visualising, summarising and inference (VC2E3LY10).",mapped
reading,3,Text Comprehension,Main idea,Identify the main idea,2,"icas-y3-reading-dc-005, icas-y3-reading-dc-013",VC2E3LY10,"Reading comprehension: prediction, visualising, summarising and inference",high,"Aligns with reading comprehension: prediction, visualising, summarising and inference (VC2E3LY10).",mapped
reading,3,Text Comprehension,Main idea,Identify the main idea of a passage,1,icas-y3-reading-f1-015,VC2E3LY10,"Reading comprehension: prediction, visualising, summarising and inference",high,"Aligns with reading comprehension: prediction, visualising, summarising and inference (VC2E3LY10).",mapped
reading,3,Text Comprehension,Mangrove forests,Finding a stated reason in an information text,1,icas-y3-read-information-012,VC2E3LY10,"Reading comprehension: prediction, visualising, summarising and inference",high,"Aligns with reading comprehension: prediction, visualising, summarising and inference (VC2E3LY10).",mapped
reading,3,Text Comprehension,Mangrove forests,Identifying the main idea of a whole text,1,icas-y3-read-information-010,VC2E3LY10,"Reading comprehension: prediction, visualising, summarising and inference",high,"Aligns with reading comprehension: prediction, visualising, summarising and inference (VC2E3LY10).",mapped
reading,3,Text Comprehension,Mangrove forests,Working out the author's purpose for writing,1,icas-y3-read-information-011,VC2E3LY09,Authorial purpose and audience identification through text features,high,Aligns with authorial purpose and audience identification through text features (VC2E3LY09).,mapped
reading,3,Text Comprehension,Matching evidence to inference,Inferring character and animal behaviour from detail,1,icas-y3-read-narrative-010,VC2E3LE03,"Authorial craft: plot development, character portrayal and mood",high,"Aligns with authorial craft: plot development, character portrayal and mood (VC2E3LE03).",mapped
reading,3,Text Comprehension,Narrative cause and effect,Identify cause and effect,1,icas-y3-reading-db-002,VC2E3LY10,"Reading comprehension: prediction, visualising, summarising and inference",high,"Aligns with reading comprehension: prediction, visualising, summarising and inference (VC2E3LY10).",mapped
reading,3,Text Comprehension,Narrative comprehension,Identify the main idea of a passage,1,icas-y3-reading-f1-001,VC2E3LY10,"Reading comprehension: prediction, visualising, summarising and inference",high,"Aligns with reading comprehension: prediction, visualising, summarising and inference (VC2E3LY10).",mapped
reading,3,Text Comprehension,Narrative inference,Infer a character's feeling,1,icas-y3-reading-db-001,VC2E3LE03,"Authorial craft: plot development, character portrayal and mood",high,"Aligns with authorial craft: plot development, character portrayal and mood (VC2E3LE03).",mapped
reading,3,Text Comprehension,Narrative prediction,Predict what will happen next,1,icas-y3-reading-db-003,VC2E3LY10,"Reading comprehension: prediction, visualising, summarising and inference",high,"Aligns with reading comprehension: prediction, visualising, summarising and inference (VC2E3LY10).",mapped
reading,3,Text Comprehension,Ordering events in a narrative,Sequencing events,1,icas-y3-read-narrative-007,VC2E3LY10,"Reading comprehension: prediction, visualising, summarising and inference",high,"Aligns with reading comprehension: prediction, visualising, summarising and inference (VC2E3LY10).",mapped
reading,3,Text Comprehension,Predicting from story evidence,Predicting what happens next,1,icas-y3-read-narrative-003,VC2E3LY10,"Reading comprehension: prediction, visualising, summarising and inference",high,"Aligns with reading comprehension: prediction, visualising, summarising and inference (VC2E3LY10).",mapped
reading,3,Text Comprehension,Prediction,Predict a character's behaviour,1,icas-y3-reading-dc-010,VC2E3LE03,"Authorial craft: plot development, character portrayal and mood",high,"Aligns with authorial craft: plot development, character portrayal and mood (VC2E3LE03).",mapped
reading,3,Text Comprehension,Prediction,Predict what will happen next,1,icas-y3-reading-dc-003,VC2E3LY10,"Reading comprehension: prediction, visualising, summarising and inference",high,"Aligns with reading comprehension: prediction, visualising, summarising and inference (VC2E3LY10).",mapped
reading,3,Text Comprehension,Purpose of a closing detail,Close reading of a narrative ending,1,icas-y3-read-narrative-006,VC2E3LY10,"Reading comprehension: prediction, visualising, summarising and inference",high,"Aligns with reading comprehension: prediction, visualising, summarising and inference (VC2E3LY10).",mapped
reading,3,Text Comprehension,Reading physical clues to feelings,Inferring how a character feels,1,icas-y3-read-narrative-013,VC2E3LE03,"Authorial craft: plot development, character portrayal and mood",high,"Aligns with authorial craft: plot development, character portrayal and mood (VC2E3LE03).",mapped
reading,3,Text Comprehension,Sequence a process,Sequence steps in a process,1,icas-y3-reading-db-013,VC2E3LA03,Structural features and organization across diverse text types,high,Aligns with structural features and organization across diverse text types (VC2E3LA03).,mapped
reading,3,Text Comprehension,Sequence of events,Sequence events in a text,1,icas-y3-reading-f1-004,VC2E3LY10,"Reading comprehension: prediction, visualising, summarising and inference",high,"Aligns with reading comprehension: prediction, visualising, summarising and inference (VC2E3LY10).",mapped
reading,3,Text Comprehension,Sequencing,Sequence stages in a process,1,icas-y3-reading-dc-015,VC2E3LY10,"Reading comprehension: prediction, visualising, summarising and inference",high,"Aligns with reading comprehension: prediction, visualising, summarising and inference (VC2E3LY10).",mapped
reading,3,Text Comprehension,Sequencing,Sequence steps in a process,1,icas-y3-reading-dc-007,VC2E3LA03,Structural features and organization across diverse text types,high,Aligns with structural features and organization across diverse text types (VC2E3LA03).,mapped
reading,3,Text Comprehension,Stated versus implied,Distinguishing a stated fact from an implied idea,1,icas-y3-reading-c-004,VC2E3LY10,"Reading comprehension: prediction, visualising, summarising and inference",high,"Aligns with reading comprehension: prediction, visualising, summarising and inference (VC2E3LY10).",mapped
reading,3,Text Comprehension,The deep end,Identify cause and effect in a narrative,1,icas-y3-reading-dd-010,VC2E3LY10,"Reading comprehension: prediction, visualising, summarising and inference",high,"Aligns with reading comprehension: prediction, visualising, summarising and inference (VC2E3LY10).",mapped
reading,3,Text Comprehension,The deep end,Identify the theme or message of a story,1,icas-y3-reading-dd-011,VC2E3LY10,"Reading comprehension: prediction, visualising, summarising and inference",high,"Aligns with reading comprehension: prediction, visualising, summarising and inference (VC2E3LY10).",mapped
reading,3,Text Comprehension,The deep end,Infer a character's feelings from clues,1,icas-y3-reading-dd-009,VC2E3LE03,"Authorial craft: plot development, character portrayal and mood",high,"Aligns with authorial craft: plot development, character portrayal and mood (VC2E3LE03).",mapped
reading,3,Text Comprehension,The night the lights went out,Identify cause and effect in a narrative,1,icas-y3-reading-dd-002,VC2E3LY10,"Reading comprehension: prediction, visualising, summarising and inference",high,"Aligns with reading comprehension: prediction, visualising, summarising and inference (VC2E3LY10).",mapped
reading,3,Text Comprehension,The night the lights went out,Infer a character's feelings from the text,1,icas-y3-reading-dd-001,VC2E3LE03,"Authorial craft: plot development, character portrayal and mood",high,"Aligns with authorial craft: plot development, character portrayal and mood (VC2E3LE03).",mapped
reading,3,Text Comprehension,The night the lights went out,Predict what will happen next using clues,1,icas-y3-reading-dd-003,VC2E3LY10,"Reading comprehension: prediction, visualising, summarising and inference",high,"Aligns with reading comprehension: prediction, visualising, summarising and inference (VC2E3LY10).",mapped
reading,3,Text Comprehension,The platypus,Compare and contrast details in a text,1,icas-y3-reading-dd-008,VC2E3LY10,"Reading comprehension: prediction, visualising, summarising and inference",high,"Aligns with reading comprehension: prediction, visualising, summarising and inference (VC2E3LY10).",mapped
reading,3,Text Comprehension,The platypus,Identify the author's purpose,1,icas-y3-reading-dd-006,VC2E3LY09,Authorial purpose and audience identification through text features,high,Aligns with authorial purpose and audience identification through text features (VC2E3LY09).,mapped
reading,3,Text Comprehension,The platypus,Identify the main idea of a text,1,icas-y3-reading-dd-005,VC2E3LY10,"Reading comprehension: prediction, visualising, summarising and inference",high,"Aligns with reading comprehension: prediction, visualising, summarising and inference (VC2E3LY10).",mapped
reading,3,Text Comprehension,The platypus,Locate and match details in a text,1,icas-y3-reading-dd-007,VC2E3LY10,"Reading comprehension: prediction, visualising, summarising and inference",high,"Aligns with reading comprehension: prediction, visualising, summarising and inference (VC2E3LY10).",mapped
reading,3,Text Comprehension,Understanding purpose in an information text,Inferring purpose from an information text,1,g3-icas-eng-infer-001,VC2E3LY10,"Reading comprehension: prediction, visualising, summarising and inference",high,"Aligns with reading comprehension: prediction, visualising, summarising and inference (VC2E3LY10).",mapped
reading,3,Text Comprehension,Vocabulary in context,Work out the meaning of a word from context,2,"icas-y3-reading-f1-003, icas-y3-reading-f1-008","VC2E3LA11; VC2E3LY10","Topic-specific vocabulary expansion and word relationships | Reading comprehension: prediction, visualising, summarising and inference",high,Aligns with topic vocabulary expansion (VC2E3LA11) and reading comprehension in context (VC2E3LY10).,mapped
reading,3,Text Comprehension,Weather: hail,Reading a table alongside a passage,1,icas-y3-read-information-005,VC2E3LA05,Visual layout and navigational features in print and digital media,high,Aligns with visual layout and navigational features in print and digital media (VC2E3LA05).,mapped
reading,3,Text Comprehension,Weather: hail,Working out the meaning of a word from its context,1,icas-y3-read-information-004,"VC2E3LA11; VC2E3LY10","Topic-specific vocabulary expansion and word relationships | Reading comprehension: prediction, visualising, summarising and inference",high,Aligns with topic vocabulary expansion (VC2E3LA11) and reading comprehension in context (VC2E3LY10).,mapped
reading,3,Text Comprehension,Weather: hail,Working out why an author included a comparison,1,icas-y3-read-information-006,VC2E3LY10,"Reading comprehension: prediction, visualising, summarising and inference",high,"Aligns with reading comprehension: prediction, visualising, summarising and inference (VC2E3LY10).",mapped
reading,3,Text Comprehension,Word choice,Understanding the effect of a particular word choice,1,icas-y3-reading-c-003,VC2E3LY10,"Reading comprehension: prediction, visualising, summarising and inference",high,"Aligns with reading comprehension: prediction, visualising, summarising and inference (VC2E3LY10).",mapped
reading,3,Vocabulary,Antonyms,Antonyms,13,"gen-lang-ant-00363, gen-lang-ant-00371","VC2E3LA11; VC2E3LY10","Topic-specific vocabulary expansion and word relationships | Reading comprehension: prediction, visualising, summarising and inference",high,Aligns with topic vocabulary expansion (VC2E3LA11) and reading comprehension in context (VC2E3LY10).,mapped
reading,3,Vocabulary,From egg to frog,Work out the meaning of a word with more than one meaning,1,icas-y3-reading-dd-016,"VC2E3LA11; VC2E3LY10","Topic-specific vocabulary expansion and word relationships | Reading comprehension: prediction, visualising, summarising and inference",high,Aligns with topic vocabulary expansion (VC2E3LA11) and reading comprehension in context (VC2E3LY10).,mapped
reading,3,Vocabulary,Multiple meanings of a familiar word,Working out word meaning from context,1,icas-y3-read-narrative-009,"VC2E3LA11; VC2E3LY10","Topic-specific vocabulary expansion and word relationships | Reading comprehension: prediction, visualising, summarising and inference",high,Aligns with topic vocabulary expansion (VC2E3LA11) and reading comprehension in context (VC2E3LY10).,mapped
reading,3,Vocabulary,Synonyms,Synonyms,13,"gen-lang-syn-00368, gen-lang-syn-00376","VC2E3LA11; VC2E3LY10","Topic-specific vocabulary expansion and word relationships | Reading comprehension: prediction, visualising, summarising and inference",high,Aligns with topic vocabulary expansion (VC2E3LA11) and reading comprehension in context (VC2E3LY10).,mapped
reading,3,Vocabulary,The deep end,Work out the meaning of a word in context,1,icas-y3-reading-dd-012,"VC2E3LA11; VC2E3LY10","Topic-specific vocabulary expansion and word relationships | Reading comprehension: prediction, visualising, summarising and inference",high,Aligns with topic vocabulary expansion (VC2E3LA11) and reading comprehension in context (VC2E3LY10).,mapped
reading,3,Vocabulary,The night the lights went out,Work out the meaning of a word in context,1,icas-y3-reading-dd-004,"VC2E3LA11; VC2E3LY10","Topic-specific vocabulary expansion and word relationships | Reading comprehension: prediction, visualising, summarising and inference",high,Aligns with topic vocabulary expansion (VC2E3LA11) and reading comprehension in context (VC2E3LY10).,mapped
reading,3,Vocabulary,Using surrounding words to define a verb,Working out word meaning from context,1,icas-y3-read-narrative-004,"VC2E3LA11; VC2E3LY10","Topic-specific vocabulary expansion and word relationships | Reading comprehension: prediction, visualising, summarising and inference",high,Aligns with topic vocabulary expansion (VC2E3LA11) and reading comprehension in context (VC2E3LY10).,mapped
reading,3,Vocabulary,Word meaning,Work out word meaning in context,5,"icas-y3-reading-db-004, icas-y3-reading-db-012","VC2E3LA11; VC2E3LY10","Topic-specific vocabulary expansion and word relationships | Reading comprehension: prediction, visualising, summarising and inference",high,Aligns with topic vocabulary expansion (VC2E3LA11) and reading comprehension in context (VC2E3LY10).,mapped
reading,3,Vocabulary in context,Vocabulary in context,read.prod.vocabulary-in-context.word-meaning-from-context,2,"man-b2effd9e2b3bd9b1a2552a03, man-dcef366e0ff098b70fc027a1","VC2E3LA11; VC2E3LY10","Topic-specific vocabulary expansion and word relationships | Reading comprehension: prediction, visualising, summarising and inference",high,Aligns with topic vocabulary expansion (VC2E3LA11) and reading comprehension in context (VC2E3LY10).,mapped
reading,3,Writer's Craft,Interpreting a simile,Understanding what a comparison shows,1,icas-y3-read-narrative-012,VC2E3LE04,Poetic and literary devices including rhythm and onomatopoeia,high,"Aligns with poetic and literary devices including rhythm, imagery and onomatopoeia (VC2E3LE04).",mapped
writing,3,Narrative writing,Writing a short narrative,Composing a narrative,1,g3-nap-lang-writing-001,VC2E3LY11,"Writing narrative, informative and persuasive texts with structured paragraphs",high,"Aligns with writing narrative, informative and persuasive texts with structured paragraphs (VC2E3LY11).",mapped
writing,3,Procedural writing,Writing instructions,Composing a procedure,1,g3-icas-eng-writing-001,VC2E3LY11,"Writing narrative, informative and persuasive texts with structured paragraphs",high,"Aligns with writing narrative, informative and persuasive texts with structured paragraphs (VC2E3LY11).",mapped
language_conventions,5,Conventions of language,Punctuation,Punctuation,14,"gen-lang-punct-01082, gen-lang-punct-01090",VC2E5LA09,Punctuation conventions: commas in prepositional phrases and plural possession,high,Aligns with punctuation conventions: commas in prepositional phrases and plural possession (VC2E5LA09).,mapped
language_conventions,5,Conventions of language,Spelling,Spelling,15,"gen-lang-spell-01080, gen-lang-spell-01088",VC2E5LY04,"Word etymology, Greek and Latin roots and advanced spelling generalizations",high,"Aligns with word etymology, Greek and Latin roots and advanced spelling generalizations (VC2E5LY04).",mapped
language_conventions,5,Grammar,Adverbs,Identifying adverbs in sentences,1,g5-nap-lang-adverb-001,VC2E5LA05,Complex sentence structures with dependent and independent clauses,high,Aligns with complex sentence structures with dependent and independent clauses (VC2E5LA05).,mapped
language_conventions,5,Grammar,Adverbs and adjectives,Distinguishing adverbs from adjectives,1,g5-nap-lang-adjective-001,VC2E5LA05,Complex sentence structures with dependent and independent clauses,high,Aligns with complex sentence structures with dependent and independent clauses (VC2E5LA05).,mapped
language_conventions,5,Grammar,Common and proper nouns,Sorting common and proper nouns,1,g5-nap-lang-nouns-001,VC2E5LA05,Complex sentence structures with dependent and independent clauses,high,Aligns with complex sentence structures with dependent and independent clauses (VC2E5LA05).,mapped
language_conventions,5,Grammar,Grammar,Choosing correct verb forms,4,"man-1e5fa5b9a2f3eb177162d549, man-1fdc607d609f224d71f7c825",VC2E5LA05,Complex sentence structures with dependent and independent clauses,high,Aligns with complex sentence structures with dependent and independent clauses (VC2E5LA05).,mapped
language_conventions,5,Grammar,Grammar,Forming irregular plurals,4,"man-04fb1e48177f8f623f815eb8, man-1c64d4b987a596d55e8a6c1e",VC2E5LA05,Complex sentence structures with dependent and independent clauses,high,Aligns with complex sentence structures with dependent and independent clauses (VC2E5LA05).,mapped
language_conventions,5,Grammar,Grammar,Identifying and constructing complex sentences,3,"man-901b5b65d9bf6ff1cff96f61, man-9b96f43752866a362c305609",VC2E5LA05,Complex sentence structures with dependent and independent clauses,high,Aligns with complex sentence structures with dependent and independent clauses (VC2E5LA05).,mapped
language_conventions,5,Grammar,Grammar,Using pronouns correctly,3,"man-02c935823710f1362fe18854, man-9615d06ef8c6d311d8ecfdd6",VC2E5LA05,Complex sentence structures with dependent and independent clauses,high,Aligns with complex sentence structures with dependent and independent clauses (VC2E5LA05).,mapped
language_conventions,5,Grammar,Paragraph cohesion,Ordering sentences for cohesion,1,g5-nap-lang-cohesion-001,VC2E5LA05,Complex sentence structures with dependent and independent clauses,high,Aligns with complex sentence structures with dependent and independent clauses (VC2E5LA05).,mapped
language_conventions,5,Grammar,Parts of a letter,Identifying letter structure,1,g5-nap-lang-letter-001,VC2E5LA05,Complex sentence structures with dependent and independent clauses,high,Aligns with complex sentence structures with dependent and independent clauses (VC2E5LA05).,mapped
language_conventions,5,Grammar,Sentence types,Classifying sentence types,1,g5-nap-lang-sentence-001,VC2E5LA05,Complex sentence structures with dependent and independent clauses,high,Aligns with complex sentence structures with dependent and independent clauses (VC2E5LA05).,mapped
language_conventions,5,Grammar,Verb forms and agreement,Choosing correct verb forms,1,g5-nap-lang-tense-001,VC2E5LA05,Complex sentence structures with dependent and independent clauses,high,Aligns with complex sentence structures with dependent and independent clauses (VC2E5LA05).,mapped
language_conventions,5,Punctuation,Possessive apostrophes,Using apostrophes for singular possession,1,g5-nap-lang-apostrophe-001,VC2E5LA09,Punctuation conventions: commas in prepositional phrases and plural possession,high,Aligns with punctuation conventions: commas in prepositional phrases and plural possession (VC2E5LA09).,mapped
language_conventions,5,Punctuation,Punctuation,Using apostrophes for singular possession,4,"man-2716c3b9a1e440fe17f33577, man-c4f072fcc2d05109e3bb555f",VC2E5LA09,Punctuation conventions: commas in prepositional phrases and plural possession,high,Aligns with punctuation conventions: commas in prepositional phrases and plural possession (VC2E5LA09).,mapped
language_conventions,5,Punctuation,Punctuation,Using apostrophes to show possession,4,"man-2c87633553449fe4d9af26f0, man-4ac7b4d0a14f06fedc27b34c",VC2E5LA09,Punctuation conventions: commas in prepositional phrases and plural possession,high,Aligns with punctuation conventions: commas in prepositional phrases and plural possession (VC2E5LA09).,mapped
language_conventions,5,Punctuation,Punctuation,Using commas to separate items in a list,3,"man-00ca549c846f7e9022b82acc, man-71e66be0fd9439cc74c4f799",VC2E5LA09,Punctuation conventions: commas in prepositional phrases and plural possession,high,Aligns with punctuation conventions: commas in prepositional phrases and plural possession (VC2E5LA09).,mapped
language_conventions,5,Spelling,Correcting misspelt words,Spelling commonly confused words,1,g5-nap-lang-spelling-001,VC2E5LY04,"Word etymology, Greek and Latin roots and advanced spelling generalizations",high,"Aligns with word etymology, Greek and Latin roots and advanced spelling generalizations (VC2E5LY04).",mapped
language_conventions,5,Spelling,Spelling,Spelling commonly confused words,4,"man-4e9b2572a0ac00151f6a441d, man-6cb265eb4dcec7e319391397",VC2E5LY04,"Word etymology, Greek and Latin roots and advanced spelling generalizations",high,"Aligns with word etymology, Greek and Latin roots and advanced spelling generalizations (VC2E5LY04).",mapped
language_conventions,5,Text structure,Text structure,Using cause-and-effect connectives,3,"man-b593c752761e54dc30bdf577, man-d84fe0964b78f0308662332d",VC2E5LA05,Complex sentence structures with dependent and independent clauses,high,Aligns with complex sentence structures with dependent and independent clauses (VC2E5LA05).,mapped
language_conventions,5,Vocabulary,Figurative language,Classifying figurative language,1,g5-icas-eng-figurative-001,VC2E5LA08,Specialised terminology and technical vocabulary precision,high,Aligns with specialised terminology and technical vocabulary precision (VC2E5LA08).,mapped
language_conventions,5,Vocabulary,Synonym groups,Grouping words by meaning,1,g5-icas-eng-synonym-001,VC2E5LA08,Specialised terminology and technical vocabulary precision,high,Aligns with specialised terminology and technical vocabulary precision (VC2E5LA08).,mapped
language_conventions,5,Vocabulary,Synonyms,Producing synonyms,1,g5-nap-lang-synonym-001,VC2E5LA08,Specialised terminology and technical vocabulary precision,high,Aligns with specialised terminology and technical vocabulary precision (VC2E5LA08).,mapped
language_conventions,5,Vocabulary,Synonyms,Producing synonyms for formal words,1,g5-icas-eng-vocab-001,VC2E5LA08,Specialised terminology and technical vocabulary precision,high,Aligns with specialised terminology and technical vocabulary precision (VC2E5LA08).,mapped
language_conventions,5,Vocabulary,Vocabulary,Producing synonyms,4,"man-082b5776abdc576b2369726d, man-23226f52891101d8e3b3550c",VC2E5LA08,Specialised terminology and technical vocabulary precision,high,Aligns with specialised terminology and technical vocabulary precision (VC2E5LA08).,mapped
language_conventions,5,Vocabulary,Vocabulary,Producing synonyms for formal words,2,"man-149c0bfadc26eaa24e89f46a, man-c2c9861a8bf6166e1df3ebde",VC2E5LA08,Specialised terminology and technical vocabulary precision,high,Aligns with specialised terminology and technical vocabulary precision (VC2E5LA08).,mapped
language_conventions,5,Vocabulary,Word relationships,Reasoning about word relationships,1,g5-icas-eng-logic-001,VC2E5LA08,Specialised terminology and technical vocabulary precision,high,Aligns with specialised terminology and technical vocabulary precision (VC2E5LA08).,mapped
language_conventions,5,Writer's Craft,Connectives,Using cause-and-effect connectives,1,g5-icas-eng-cohesion-001,VC2E5LA05,Complex sentence structures with dependent and independent clauses,high,Aligns with complex sentence structures with dependent and independent clauses (VC2E5LA05).,mapped
numeracy,5,Algebra & Patterns,Inverse operations,Work backwards,1,g5-icas-math-b01-031,VC2M5N07,Division strategies and contextual remainder interpretation,high,Aligns with division strategies and contextual remainder interpretation (VC2M5N07).,mapped
numeracy,5,Algebra & Patterns,Number patterns,Extending a linear pattern,1,g5-icas-math-pattern-001,VC2M5N10,"Computational algorithms with branching, iteration and pattern exploration",high,"Aligns with computational algorithms with branching, iteration and pattern exploration (VC2M5N10).",mapped
numeracy,5,Algebra & Patterns,Patterns,Continue a sequence,1,g5-icas-math-b01-013,VC2M5N10,"Computational algorithms with branching, iteration and pattern exploration",high,"Aligns with computational algorithms with branching, iteration and pattern exploration (VC2M5N10).",mapped
numeracy,5,Algebra & Patterns,Repeating patterns,Use a cycle remainder,1,g5-icas-math-b01-037,VC2M5N07,Division strategies and contextual remainder interpretation,high,Aligns with division strategies and contextual remainder interpretation (VC2M5N07).,mapped
numeracy,5,Algebra & Patterns,Rules,Infer a function rule,1,g5-icas-math-b01-024,VC2M5N10,"Computational algorithms with branching, iteration and pattern exploration",high,"Aligns with computational algorithms with branching, iteration and pattern exploration (VC2M5N10).",mapped
numeracy,5,Algebra & Patterns,Sequences,Compare next terms,1,g5-icas-math-b01-030,VC2M5N10,"Computational algorithms with branching, iteration and pattern exploration",high,"Aligns with computational algorithms with branching, iteration and pattern exploration (VC2M5N10).",mapped
numeracy,5,Chance & Data,Chance,Reason about probability,1,g5-icas-math-b01-027,VC2M5ST01,Categorical and discrete data distributions and mode identification,high,Aligns with categorical and discrete data distributions and mode identification (VC2M5ST01).,mapped
numeracy,5,Chance & Data,Data,Apply two conditions,1,g5-icas-math-b01-008,VC2M5ST01,Categorical and discrete data distributions and mode identification,high,Aligns with categorical and discrete data distributions and mode identification (VC2M5ST01).,mapped
numeracy,5,Chance & Data,Data change,Compare changes,1,g5-icas-math-b01-032,VC2M5ST01,Categorical and discrete data distributions and mode identification,high,Aligns with categorical and discrete data distributions and mode identification (VC2M5ST01).,mapped
numeracy,5,Chance & Data,Proportional reasoning with data,Comparing data multiplicatively,1,g5-icas-math-data-001,VC2M5ST01,Categorical and discrete data distributions and mode identification,high,Aligns with categorical and discrete data distributions and mode identification (VC2M5ST01).,mapped
numeracy,5,Chance & Data,Range of a data set,Finding the difference between extremes,1,g5-icas-math-data-002,VC2M5ST01,Categorical and discrete data distributions and mode identification,high,Aligns with categorical and discrete data distributions and mode identification (VC2M5ST01).,mapped
numeracy,5,Chance & Data,Tables,Compare paired values,1,g5-icas-math-b01-020,VC2M5ST01,Categorical and discrete data distributions and mode identification,high,Aligns with categorical and discrete data distributions and mode identification (VC2M5ST01).,mapped
numeracy,5,Fractions,Fractions,Identifying equivalent fractions,7,"man-2bf61fefbaffe5a8ff12e4c3, man-4abada7265ef42d7aad07d96",VC2M5N03,Comparing and ordering fractions and mixed numerals with related denominators,high,Aligns with comparing and ordering fractions and mixed numerals with related denominators (VC2M5N03).,mapped
numeracy,5,Geometry,Geometry,Finding horizontal distance between points,5,"man-15e32a86d9706266d99f9545, man-1d2292a0b77184e46baeaf8c",VC2M5SP02,Grid coordinate systems and directional navigation,high,Aligns with grid coordinate systems and directional navigation (VC2M5SP02).,mapped
numeracy,5,Measurement,Area,Area,19,"gen-num-geo-01018, gen-num-geo-01022",VC2M5N08,Estimation strategies and result validation in financial contexts,high,Aligns with estimation strategies and result validation in financial contexts (VC2M5N08).,mapped
numeracy,5,Measurement,Measurement,Calculating the area of a triangle,2,"man-3dbc8bf94327a54532edd852, man-7447a35c7dcf933613d8bf96",VC2M5N08,Estimation strategies and result validation in financial contexts,high,Aligns with estimation strategies and result validation in financial contexts (VC2M5N08).,mapped
numeracy,5,Measurement,Measurement,Calculating the perimeter of a rectangle,7,"man-0414ea802f5fbf6265c5b464, man-08e800db13a50d684589573b",VC2M5M02,Perimeter and area calculation for regular and irregular shapes,high,Aligns with perimeter and area calculation for regular and irregular shapes (VC2M5M02).,mapped
numeracy,5,Measurement,Money,Money,36,"gen-num-money-00674, gen-num-money-00682",VC2M5N08,Estimation strategies and result validation in financial contexts,high,Aligns with estimation strategies and result validation in financial contexts (VC2M5N08).,mapped
numeracy,5,Measurement,Perimeter,Perimeter,14,"gen-num-geo-01016, gen-num-geo-01020",VC2M5N08,Estimation strategies and result validation in financial contexts,high,Aligns with estimation strategies and result validation in financial contexts (VC2M5N08).,mapped
numeracy,5,Measurement and geometry,Coordinates,Reading coordinate pairs,1,g5-nap-num-space-001,VC2M5SP02,Grid coordinate systems and directional navigation,high,Aligns with grid coordinate systems and directional navigation (VC2M5SP02).,mapped
numeracy,5,Measurement and geometry,Distance on a grid,Finding horizontal distance between points,1,g5-nap-num-space-002,VC2M5SP02,Grid coordinate systems and directional navigation,high,Aligns with grid coordinate systems and directional navigation (VC2M5SP02).,mapped
numeracy,5,Measurement and geometry,Perimeter and area,Calculating perimeter and area of a rectangle,1,g5-nap-num-measure-001,VC2M5M02,Perimeter and area calculation for regular and irregular shapes,high,Aligns with perimeter and area calculation for regular and irregular shapes (VC2M5M02).,mapped
numeracy,5,Measurement and geometry,Quadrilaterals,Identifying a parallelogram,1,g5-nap-num-geo-004,VC2M5M01,"Metric unit selection and precision in length, mass and capacity",high,"Aligns with metric unit selection and precision in length, mass and capacity (VC2M5M01).",mapped
numeracy,5,Measurement and geometry,Types of angles,Classifying angles,1,g5-nap-num-geo-002,VC2M5M04,Angle measurement and construction in degrees using a protractor,high,Aligns with angle measurement and construction in degrees using a protractor (VC2M5M04).,mapped
numeracy,5,Measurement and geometry,Types of triangles,Identifying right angles in shapes,1,g5-nap-num-geo-001,VC2M5M04,Angle measurement and construction in degrees using a protractor,high,Aligns with angle measurement and construction in degrees using a protractor (VC2M5M04).,mapped
numeracy,5,Measures & Units,Area,Infer a square side,1,g5-icas-math-b01-021,VC2M5M02,Perimeter and area calculation for regular and irregular shapes,high,Aligns with perimeter and area calculation for regular and irregular shapes (VC2M5M02).,mapped
numeracy,5,Measures & Units,Area,Subtract areas,1,g5-icas-math-b01-029,VC2M5M02,Perimeter and area calculation for regular and irregular shapes,high,Aligns with perimeter and area calculation for regular and irregular shapes (VC2M5M02).,mapped
numeracy,5,Measures & Units,Area change,Reason about area,1,g5-icas-math-b01-039,VC2M5M02,Perimeter and area calculation for regular and irregular shapes,high,Aligns with perimeter and area calculation for regular and irregular shapes (VC2M5M02).,mapped
numeracy,5,Measures & Units,Area of a triangle,Calculating the area of a triangle,1,g5-icas-math-measure-001,VC2M5N08,Estimation strategies and result validation in financial contexts,high,Aligns with estimation strategies and result validation in financial contexts (VC2M5N08).,mapped
numeracy,5,Measures & Units,Metric units,Compare converted measures,1,g5-icas-math-b01-017,VC2M5M01,"Metric unit selection and precision in length, mass and capacity",high,"Aligns with metric unit selection and precision in length, mass and capacity (VC2M5M01).",mapped
numeracy,5,Measures & Units,Perimeter,Calculate perimeter,1,g5-icas-math-b01-012,VC2M5M02,Perimeter and area calculation for regular and irregular shapes,high,Aligns with perimeter and area calculation for regular and irregular shapes (VC2M5M02).,mapped
numeracy,5,Measures & Units,Time,Add a duration,1,g5-icas-math-b01-004,VC2M5M03,12-hour and 24-hour time system conversions and scheduling,high,Aligns with 12-hour and 24-hour time system conversions and scheduling (VC2M5M03).,mapped
numeracy,5,Number,Number,Describing a fraction model,5,"man-386b8c186b29b0a2eb3395e4, man-544d2533ffb571a742b0c691",VC2M5N03,Comparing and ordering fractions and mixed numerals with related denominators,high,Aligns with comparing and ordering fractions and mixed numerals with related denominators (VC2M5N03).,mapped
numeracy,5,Number,Number,Finding a fraction of a collection,3,"man-415fb180f911a78fd4529d1b, man-6b05aaeb6bc9da068fb472ff",VC2M5N03,Comparing and ordering fractions and mixed numerals with related denominators,high,Aligns with comparing and ordering fractions and mixed numerals with related denominators (VC2M5N03).,mapped
numeracy,5,Number,Number,Identifying common multiples,7,"man-36f0cdbf782ea13346cef9c1, man-6f6e3d911daf7bf9f28b6306",VC2M5N02,"Factors, multiples and divisibility rules for natural numbers",high,"Aligns with factors, multiples and divisibility rules for natural numbers (VC2M5N02).",mapped
numeracy,5,Number,Number,Identifying prime numbers,2,"man-3cb80f1ff01e72ff7612c3e5, man-76fcb2eaf6e53515b400c5d5",VC2M5N02,"Factors, multiples and divisibility rules for natural numbers",high,"Aligns with factors, multiples and divisibility rules for natural numbers (VC2M5N02).",mapped
numeracy,5,Number,Number,Naming fractions from a model,4,"man-3ceeb1fdb80a8f63fb6d0208, man-403933661e00341ed7ccf643",VC2M5N03,Comparing and ordering fractions and mixed numerals with related denominators,high,Aligns with comparing and ordering fractions and mixed numerals with related denominators (VC2M5N03).,mapped
numeracy,5,Number,Number,Ordering decimal numbers,2,"man-1963c6c9b0d447cd23fdd9ae, man-7e027bd6580ba9a74f1946a4",VC2M5N01,"Decimal place value, comparison and number-line positioning",high,"Aligns with decimal place value, comparison and number-line positioning (VC2M5N01).",mapped
numeracy,5,Number,Number,Ordering decimals on a number line,5,"man-27466e3f25b791527cf7d001, man-3f2c0da8929e6b5cc3481874",VC2M5N01,"Decimal place value, comparison and number-line positioning",high,"Aligns with decimal place value, comparison and number-line positioning (VC2M5N01).",mapped
numeracy,5,Number,Number,Reading decimals on a number line,5,"man-0590a8f0febdb1ed66056717, man-b50ac517bffe2953164921b7",VC2M5N01,"Decimal place value, comparison and number-line positioning",high,"Aligns with decimal place value, comparison and number-line positioning (VC2M5N01).",mapped
numeracy,5,Number,Number,Solving multi-step money problems,5,"man-2e619aada91e92bdcdc527b8, man-461de1f6ffd04d1eec99fbb2",VC2M5N08,Estimation strategies and result validation in financial contexts,high,Aligns with estimation strategies and result validation in financial contexts (VC2M5N08).,mapped
numeracy,5,Number & Arithmetic,Decimals,Compare decimals,1,g5-icas-math-b01-002,VC2M5N01,"Decimal place value, comparison and number-line positioning",high,"Aligns with decimal place value, comparison and number-line positioning (VC2M5N01).",mapped
numeracy,5,Number & Arithmetic,Decimals,Order decimals,1,g5-icas-math-b01-007,VC2M5N01,"Decimal place value, comparison and number-line positioning",high,"Aligns with decimal place value, comparison and number-line positioning (VC2M5N01).",mapped
numeracy,5,Number & Arithmetic,Division,Divide equally,1,g5-icas-math-b01-005,VC2M5N07,Division strategies and contextual remainder interpretation,high,Aligns with division strategies and contextual remainder interpretation (VC2M5N07).,mapped
numeracy,5,Number & Arithmetic,Division,Reason with a remainder,1,g5-icas-math-b01-034,VC2M5N07,Division strategies and contextual remainder interpretation,high,Aligns with division strategies and contextual remainder interpretation (VC2M5N07).,mapped
numeracy,5,Number & Arithmetic,Equivalence,Match fractions and decimals,1,g5-icas-math-b01-019,VC2M5N01,"Decimal place value, comparison and number-line positioning",high,"Aligns with decimal place value, comparison and number-line positioning (VC2M5N01).",mapped
numeracy,5,Number & Arithmetic,Fractions,Compare fractions,1,g5-icas-math-b01-006,VC2M5N03,Comparing and ordering fractions and mixed numerals with related denominators,high,Aligns with comparing and ordering fractions and mixed numerals with related denominators (VC2M5N03).,mapped
numeracy,5,Number & Arithmetic,Fractions,Find a fraction of a quantity,1,g5-icas-math-b01-003,VC2M5N03,Comparing and ordering fractions and mixed numerals with related denominators,high,Aligns with comparing and ordering fractions and mixed numerals with related denominators (VC2M5N03).,mapped
numeracy,5,Number & Arithmetic,Fractions,Infer a whole,1,g5-icas-math-b01-028,VC2M5N05,Addition and subtraction of fractions with related denominators,high,Aligns with addition and subtraction of fractions with related denominators (VC2M5N05).,mapped
numeracy,5,Number & Arithmetic,Fractions,Infer a whole from fraction change,1,g5-icas-math-b01-040,VC2M5N03,Comparing and ordering fractions and mixed numerals with related denominators,high,Aligns with comparing and ordering fractions and mixed numerals with related denominators (VC2M5N03).,mapped
numeracy,5,Number & Arithmetic,Fractions,Recognising one half in different models,1,g5-icas-math-frac-001,VC2M5N03,Comparing and ordering fractions and mixed numerals with related denominators,high,Aligns with comparing and ordering fractions and mixed numerals with related denominators (VC2M5N03).,mapped
numeracy,5,Number & Arithmetic,Money,Find a unit cost,1,g5-icas-math-b01-022,VC2M5N08,Estimation strategies and result validation in financial contexts,high,Aligns with estimation strategies and result validation in financial contexts (VC2M5N08).,mapped
numeracy,5,Number & Arithmetic,Multiplication,Multiply two-digit numbers,1,g5-icas-math-b01-015,VC2M5N06,Multi-digit multiplication strategies and reasonableness checks,high,Aligns with multi-digit multiplication strategies and reasonableness checks (VC2M5N06).,mapped
numeracy,5,Number and algebra,Comparing decimals,Ordering decimals on a number line,1,g5-nap-num-number-001,VC2M5N01,"Decimal place value, comparison and number-line positioning",high,"Aligns with decimal place value, comparison and number-line positioning (VC2M5N01).",mapped
numeracy,5,Number and algebra,Decimals,Reading decimals on a number line,1,g5-nap-num-number-002,VC2M5N01,"Decimal place value, comparison and number-line positioning",high,"Aligns with decimal place value, comparison and number-line positioning (VC2M5N01).",mapped
numeracy,5,Number and algebra,Money problems,Solving multi-step money problems,1,g5-nap-num-money-001,VC2M5N08,Estimation strategies and result validation in financial contexts,high,Aligns with estimation strategies and result validation in financial contexts (VC2M5N08).,mapped
numeracy,5,Number and Algebra,Division,Division,32,"gen-num-div-00670, gen-num-div-00678",VC2M5N07,Division strategies and contextual remainder interpretation,high,Aligns with division strategies and contextual remainder interpretation (VC2M5N07).,mapped
numeracy,5,Number and Algebra,Fractions of a quantity,Fractions of a quantity,35,"gen-num-frac-00671, gen-num-frac-00679",VC2M5N03,Comparing and ordering fractions and mixed numerals with related denominators,high,Aligns with comparing and ordering fractions and mixed numerals with related denominators (VC2M5N03).,mapped
numeracy,5,Number and Algebra,Multiplication,Multiplication,36,"gen-num-mul-00669, gen-num-mul-00677",VC2M5N06,Multi-digit multiplication strategies and reasonableness checks,high,Aligns with multi-digit multiplication strategies and reasonableness checks (VC2M5N06).,mapped
numeracy,5,Patterns,Number patterns,Number patterns,32,"gen-num-pattern-00673, gen-num-pattern-00681",VC2M5N10,"Computational algorithms with branching, iteration and pattern exploration",high,"Aligns with computational algorithms with branching, iteration and pattern exploration (VC2M5N10).",mapped
numeracy,5,Patterns,Patterns,Extending a linear pattern,2,"man-1c78be56404eee620611dd3f, man-d511e9a9cea89201131c07a8",VC2M5N08,Estimation strategies and result validation in financial contexts,high,Aligns with estimation strategies and result validation in financial contexts (VC2M5N08).,mapped
numeracy,5,Space & Geometry,3D objects,Naming parts of 3D objects,1,g5-icas-math-geo-002,VC2M5SP01,Three-dimensional objects and net construction,high,Aligns with three-dimensional objects and net construction (VC2M5SP01).,mapped
numeracy,5,Space & Geometry,Angles,Classify angles,1,g5-icas-math-b01-023,VC2M5M04,Angle measurement and construction in degrees using a protractor,high,Aligns with angle measurement and construction in degrees using a protractor (VC2M5M04).,mapped
numeracy,5,Space & Geometry,Angles,Identify an obtuse angle,1,g5-icas-math-b01-010,VC2M5M04,Angle measurement and construction in degrees using a protractor,high,Aligns with angle measurement and construction in degrees using a protractor (VC2M5M04).,mapped
numeracy,5,Space & Geometry,Coordinates,Filtering points by coordinate,1,g5-icas-math-space-001,VC2M5SP02,Grid coordinate systems and directional navigation,high,Aligns with grid coordinate systems and directional navigation (VC2M5SP02).,mapped
numeracy,5,Space & Geometry,Types of angles,Identifying acute angles,1,g5-icas-math-geo-001,VC2M5M04,Angle measurement and construction in degrees using a protractor,high,Aligns with angle measurement and construction in degrees using a protractor (VC2M5M04).,mapped
numeracy,5,Statistics,Bar charts,Bar charts,44,"gen-num-bar-00910, gen-num-bar-00912",VC2M5ST01,Categorical and discrete data distributions and mode identification,high,Aligns with categorical and discrete data distributions and mode identification (VC2M5ST01).,mapped
numeracy,5,Statistics,Statistics,Adding values from a bar chart,5,"man-410cc1f2c7db50b1cdd5fdfe, man-4d2b0ed1c6ed611aff8f452a",VC2M5ST01,Categorical and discrete data distributions and mode identification,high,Aligns with categorical and discrete data distributions and mode identification (VC2M5ST01).,mapped
numeracy,5,Statistics,Statistics,Comparing data multiplicatively,4,"man-0320d1e8d5764264e6e46525, man-3d6b5ec757cff4be053b4306",VC2M5ST01,Categorical and discrete data distributions and mode identification,high,Aligns with categorical and discrete data distributions and mode identification (VC2M5ST01).,mapped
numeracy,5,Statistics,Statistics,Finding the maximum on a line graph,8,"man-3237badf5db62c17306f2f39, man-42ea2b3403c5329cb9159297",VC2M5N08,Estimation strategies and result validation in financial contexts,high,Aligns with estimation strategies and result validation in financial contexts (VC2M5N08).,mapped
numeracy,5,Statistics,Statistics,Ordering data by size,4,"man-0501ac88c227e18697c8c6fc, man-2b1dc54a3db430cc81c9e54b",VC2M5ST01,Categorical and discrete data distributions and mode identification,high,Aligns with categorical and discrete data distributions and mode identification (VC2M5ST01).,mapped
numeracy,5,Statistics,Statistics,Ordering values from a graph,4,"man-448eb21c8b75610323e738cb, man-917538aa1d818be1f63383fe",VC2M5ST02,Line graphs representing continuous change over time,high,Aligns with line graphs representing continuous change over time (VC2M5ST02).,mapped
numeracy,5,Statistics,Statistics,Reading and interpreting bar charts,5,"man-7986c76b5b417aa16b77341b, man-7e1e3f576596c35041b3e243",VC2M5ST01,Categorical and discrete data distributions and mode identification,high,Aligns with categorical and discrete data distributions and mode identification (VC2M5ST01).,mapped
numeracy,5,Statistics,Statistics,Reading and interpreting line graphs,5,"man-138457839d5cfa78f7be4de6, man-295b0548e004a0a715841ea8",VC2M5M03,12-hour and 24-hour time system conversions and scheduling,high,Aligns with 12-hour and 24-hour time system conversions and scheduling (VC2M5M03).,mapped
numeracy,5,Statistics,Statistics,Reading and interpreting pie charts,5,"man-019820c52c4fb3a028760c6b, man-01e989c2c5309910446bf1fb",VC2M5ST01,Categorical and discrete data distributions and mode identification,high,Aligns with categorical and discrete data distributions and mode identification (VC2M5ST01).,mapped
numeracy,5,Statistics,Statistics,Reading values against a threshold,5,"man-02ad968dec88411b927579dc, man-1f9cec1351a922bb85fa041a",VC2M5ST01,Categorical and discrete data distributions and mode identification,high,Aligns with categorical and discrete data distributions and mode identification (VC2M5ST01).,mapped
numeracy,5,Statistics and probability,Comparing data with a benchmark,Reading values against a threshold,1,g5-nap-num-data-002,VC2M5M01,"Metric unit selection and precision in length, mass and capacity",high,"Aligns with metric unit selection and precision in length, mass and capacity (VC2M5M01).",mapped
numeracy,5,Statistics and probability,Comparing shares in a pie chart,Ordering data by size,1,g5-nap-num-data-006,VC2M5ST01,Categorical and discrete data distributions and mode identification,high,Aligns with categorical and discrete data distributions and mode identification (VC2M5ST01).,mapped
numeracy,5,Statistics and probability,Fractions in a pie chart,Relating fractions to data,1,g5-nap-num-data-001,VC2M5N03,Comparing and ordering fractions and mixed numerals with related denominators,high,Aligns with comparing and ordering fractions and mixed numerals with related denominators (VC2M5N03).,mapped
numeracy,5,Statistics and probability,Interpreting tables,Comparing values in a table,1,g5-nap-num-data-004,VC2M5ST01,Categorical and discrete data distributions and mode identification,high,Aligns with categorical and discrete data distributions and mode identification (VC2M5ST01).,mapped
numeracy,5,Statistics and probability,Reading a line graph,Matching values on a line graph,1,g5-nap-num-data-005,VC2M5M03,12-hour and 24-hour time system conversions and scheduling,high,Aligns with 12-hour and 24-hour time system conversions and scheduling (VC2M5M03).,mapped
numeracy,5,Statistics and probability,Totalling data,Adding values from a bar chart,1,g5-nap-num-data-003,VC2M5ST01,Categorical and discrete data distributions and mode identification,high,Aligns with categorical and discrete data distributions and mode identification (VC2M5ST01).,mapped
reading,5,Analysing and evaluating,Identifying the purpose of a text,Identifying author purpose,1,g5-nap-read-main-001,VC2E5LY08,Evaluating structural conventions and rhetorical devices against purpose,high,Aligns with evaluating structural conventions and rhetorical devices against purpose (VC2E5LY08).,mapped
reading,5,Analysing and evaluating,Sorting facts and opinions,Classifying statements as fact or opinion,1,g5-nap-read-fact-002,VC2E5LY09,"Evaluative comprehension: synthesis, inference and critical questioning",high,"Aligns with evaluative comprehension: synthesis, inference and critical questioning (VC2E5LY09).",mapped
reading,5,Analysing and evaluating,Telling facts from opinions,Distinguishing fact from opinion,1,g5-nap-read-fact-001,VC2E5LY09,"Evaluative comprehension: synthesis, inference and critical questioning",high,"Aligns with evaluative comprehension: synthesis, inference and critical questioning (VC2E5LY09).",mapped
reading,5,Comprehension,Comprehension,Comparing information across two short texts,4,"man-08239300988679c006b33a54, man-769c800d0ab8d3e6eb556dab",VC2E5LY09,"Evaluative comprehension: synthesis, inference and critical questioning",high,"Aligns with evaluative comprehension: synthesis, inference and critical questioning (VC2E5LY09).",mapped
reading,5,Comprehension,Comprehension,Identifying an author's purpose,5,"man-1f6e183ebdbfa3b3747d2eed, man-2a88deac2c011fdd72233373",VC2E5LY08,Evaluating structural conventions and rhetorical devices against purpose,high,Aligns with evaluating structural conventions and rhetorical devices against purpose (VC2E5LY08).,mapped
reading,5,Comprehension,Comprehension,Identifying figurative language,4,"man-523b9ee0c77a8918c239f223, man-5af2cd71d37f549db6782a39",VC2E5LE04,"Figurative imagery: similes, metaphors, personification and sound devices",high,"Aligns with figurative imagery: similes, metaphors, personification and sound devices (VC2E5LE04).",mapped
reading,5,Comprehension,Comprehension,Making inferences from a text,6,"man-02c2a293030de92694f073d6, man-0fccef2b48d1de9f775fc2f6",VC2E5LY09,"Evaluative comprehension: synthesis, inference and critical questioning",high,"Aligns with evaluative comprehension: synthesis, inference and critical questioning (VC2E5LY09).",mapped
reading,5,Inference,Inference,Drawing conclusions from an information text,5,"man-03263ffeb8ec0047f3894bb6, man-a560aa8013e13004e88b46c2",VC2E5LY09,"Evaluative comprehension: synthesis, inference and critical questioning",high,"Aligns with evaluative comprehension: synthesis, inference and critical questioning (VC2E5LY09).",mapped
reading,5,Inference,Inference,Inferring from a narrative,4,"man-b128f2a838eb26a159ba39d8, man-cdd5ab522c44fcef2e0e5d4f",VC2E5LY09,"Evaluative comprehension: synthesis, inference and critical questioning",high,"Aligns with evaluative comprehension: synthesis, inference and critical questioning (VC2E5LY09).",mapped
reading,5,Inference,Inference,Inferring reasons for actions,5,"man-0ffceeb6136d92c6ef350031, man-2fffff850dd8aaba431c0b39",VC2E5LY09,"Evaluative comprehension: synthesis, inference and critical questioning",high,"Aligns with evaluative comprehension: synthesis, inference and critical questioning (VC2E5LY09).",mapped
reading,5,Integrating and interpreting,Combining text and table information,Integrating text with a table,1,g5-nap-read-table-001,VC2E5LY09,"Evaluative comprehension: synthesis, inference and critical questioning",high,"Aligns with evaluative comprehension: synthesis, inference and critical questioning (VC2E5LY09).",mapped
reading,5,Integrating and interpreting,Idioms,Interpreting idioms in context,1,g5-nap-read-vocab-002,VC2E5LY09,"Evaluative comprehension: synthesis, inference and critical questioning",high,"Aligns with evaluative comprehension: synthesis, inference and critical questioning (VC2E5LY09).",mapped
reading,5,Integrating and interpreting,Inferring character motivation,Inferring motives from actions,1,g5-nap-read-infer-001,VC2E5LY09,"Evaluative comprehension: synthesis, inference and critical questioning",high,"Aligns with evaluative comprehension: synthesis, inference and critical questioning (VC2E5LY09).",mapped
reading,5,Integrating and interpreting,Word meaning from context,Using context clues for word meaning,1,g5-nap-read-vocab-001,"VC2E5LA08; VC2E5LY09","Specialised terminology and technical vocabulary precision | Evaluative comprehension: synthesis, inference and critical questioning",high,Aligns with specialised vocabulary precision (VC2E5LA08) and evaluative comprehension (VC2E5LY09).,mapped
reading,5,Literal comprehension,Literal comprehension,Integrating text with a table,5,"man-239212ab3dbc0ffb6b1f8acc, man-410d001384774baea7645609",VC2E5LY09,"Evaluative comprehension: synthesis, inference and critical questioning",high,"Aligns with evaluative comprehension: synthesis, inference and critical questioning (VC2E5LY09).",mapped
reading,5,Literal comprehension,Literal comprehension,Recalling names and details,5,"man-039f7889f95dc33fa7d60448, man-2e54bee410afe8e37992ee44",VC2E5LY09,"Evaluative comprehension: synthesis, inference and critical questioning",high,"Aligns with evaluative comprehension: synthesis, inference and critical questioning (VC2E5LY09).",mapped
reading,5,Locating and identifying,Checking statements against a text,Verifying details in an information text,1,g5-nap-read-literal-002,VC2E5LY09,"Evaluative comprehension: synthesis, inference and critical questioning",high,"Aligns with evaluative comprehension: synthesis, inference and critical questioning (VC2E5LY09).",mapped
reading,5,Locating and identifying,Ordering story events,Sequencing events in a narrative,1,g5-nap-read-sequence-001,VC2E5LY09,"Evaluative comprehension: synthesis, inference and critical questioning",high,"Aligns with evaluative comprehension: synthesis, inference and critical questioning (VC2E5LY09).",mapped
reading,5,Locating and identifying,Recalling a detail,Recalling names and details,1,g5-nap-read-literal-003,VC2E5LY09,"Evaluative comprehension: synthesis, inference and critical questioning",high,"Aligns with evaluative comprehension: synthesis, inference and critical questioning (VC2E5LY09).",mapped
reading,5,Locating and identifying,Verifying statements against a text,Checking multiple details in a text,1,g5-nap-read-literal-001,VC2E5LY09,"Evaluative comprehension: synthesis, inference and critical questioning",high,"Aligns with evaluative comprehension: synthesis, inference and critical questioning (VC2E5LY09).",mapped
reading,5,Main idea,Main idea,Identifying author purpose,5,"man-1c62fb68c2f31599ed0d63a6, man-3b69cd0d7f38b7cb6e72503f",VC2E5LY08,Evaluating structural conventions and rhetorical devices against purpose,high,Aligns with evaluating structural conventions and rhetorical devices against purpose (VC2E5LY08).,mapped
reading,5,Reading comprehension,Finding information,Finding information,84,"gen-read-01161, gen-read-01162",VC2E5LY09,"Evaluative comprehension: synthesis, inference and critical questioning",high,"Aligns with evaluative comprehension: synthesis, inference and critical questioning (VC2E5LY09).",mapped
reading,5,Text Comprehension,Connecting ideas in an information text,Drawing conclusions from an information text,1,g5-icas-eng-infer-001,VC2E5LY09,"Evaluative comprehension: synthesis, inference and critical questioning",high,"Aligns with evaluative comprehension: synthesis, inference and critical questioning (VC2E5LY09).",mapped
reading,5,Vocabulary,Antonyms,Antonyms,13,"gen-lang-ant-01084, gen-lang-ant-01100","VC2E5LA08; VC2E5LY09","Specialised terminology and technical vocabulary precision | Evaluative comprehension: synthesis, inference and critical questioning",high,Aligns with specialised vocabulary precision (VC2E5LA08) and evaluative comprehension (VC2E5LY09).,mapped
reading,5,Vocabulary,Synonyms,Synonyms,15,"gen-lang-syn-01083, gen-lang-syn-01091","VC2E5LA08; VC2E5LY09","Specialised terminology and technical vocabulary precision | Evaluative comprehension: synthesis, inference and critical questioning",high,Aligns with specialised vocabulary precision (VC2E5LA08) and evaluative comprehension (VC2E5LY09).,mapped
reading,5,Vocabulary,Vocabulary,Using context clues to determine word meaning,4,"man-356fd46417b5307c233929ee, man-72260ab7e07b6cb17ad60399","VC2E5LA08; VC2E5LY09","Specialised terminology and technical vocabulary precision | Evaluative comprehension: synthesis, inference and critical questioning",high,Aligns with specialised vocabulary precision (VC2E5LA08) and evaluative comprehension (VC2E5LY09).,mapped
reading,5,Vocabulary in context,Vocabulary in context,Choosing the best word meaning,4,"man-19a58ac3b1c1fe36e93ef949, man-698ae8e0e3a3b3c9e9ed7397","VC2E5LA08; VC2E5LY09","Specialised terminology and technical vocabulary precision | Evaluative comprehension: synthesis, inference and critical questioning",high,Aligns with specialised vocabulary precision (VC2E5LA08) and evaluative comprehension (VC2E5LY09).,mapped
reading,5,Vocabulary in context,Vocabulary in context,Interpreting idioms in context,5,"man-1910d99ac7b160c972dd66a7, man-359363d3188eb4a4e1921526","VC2E5LA08; VC2E5LY09","Specialised terminology and technical vocabulary precision | Evaluative comprehension: synthesis, inference and critical questioning",high,Aligns with specialised vocabulary precision (VC2E5LA08) and evaluative comprehension (VC2E5LY09).,mapped
reading,5,Vocabulary in context,Vocabulary in context,Using context clues for word meaning,1,man-2703905980b557ba7cfb4fa9,"VC2E5LA08; VC2E5LY09","Specialised terminology and technical vocabulary precision | Evaluative comprehension: synthesis, inference and critical questioning",high,Aligns with specialised vocabulary precision (VC2E5LA08) and evaluative comprehension (VC2E5LY09).,mapped
writing,5,Informative writing,Writing an information report,Composing an information report,1,g5-icas-eng-writing-001,VC2E5LY10,Multi-paragraph text creation with elaborated ideas for targeted audiences,high,Aligns with multi-paragraph text creation with elaborated ideas for targeted audiences (VC2E5LY10).,mapped
writing,5,Persuasive writing,Writing a persuasive text,Composing a persuasive argument,1,g5-nap-lang-writing-001,VC2E5LY10,Multi-paragraph text creation with elaborated ideas for targeted audiences,high,Aligns with multi-paragraph text creation with elaborated ideas for targeted audiences (VC2E5LY10).,mapped
digital_technologies,3,Digital Systems,Devices and their uses,Matching a device to the job it does,1,icas-y3-digitech-b-005,,,high,ICAS Digital Technologies is outside Victorian Curriculum Mathematics & English L3–L5 scope.,out_of_scope
digital_technologies,3,Digital Systems,Flowcharts and steps,Following a yes or no decision in a flowchart,1,icas-y3-digitech-b-008,,,high,ICAS Digital Technologies is outside Victorian Curriculum Mathematics & English L3–L5 scope.,out_of_scope
digital_technologies,3,Digital Systems,Flowcharts and steps,Ordering the steps in a flowchart,1,icas-y3-digitech-b-007,,,high,ICAS Digital Technologies is outside Victorian Curriculum Mathematics & English L3–L5 scope.,out_of_scope
digital_technologies,3,Digital Systems,Hardware and its uses,Matching hardware to its job,1,icas-y3-digitech-da-005,,,high,ICAS Digital Technologies is outside Victorian Curriculum Mathematics & English L3–L5 scope.,out_of_scope
digital_technologies,3,Digital Systems,Hardware and its uses,Matching hardware to its purpose,1,icas-y3-digitech-dc-004,,,high,ICAS Digital Technologies is outside Victorian Curriculum Mathematics & English L3–L5 scope.,out_of_scope
digital_technologies,3,Digital Systems,Hardware and software,Sorting items as hardware or software,1,icas-y3-digitech-b-004,,,high,ICAS Digital Technologies is outside Victorian Curriculum Mathematics & English L3–L5 scope.,out_of_scope
digital_technologies,3,Digital Systems,Hardware and software,Telling hardware apart from software,2,"icas-y3-digitech-da-009, icas-y3-digitech-dd-012",,,high,ICAS Digital Technologies is outside Victorian Curriculum Mathematics & English L3–L5 scope.,out_of_scope
digital_technologies,3,Digital Systems,Hardware and software,Telling hardware from software,1,icas-y3-digitech-dc-009,,,high,ICAS Digital Technologies is outside Victorian Curriculum Mathematics & English L3–L5 scope.,out_of_scope
digital_technologies,3,Digital Systems,Hardware and software,Understanding what software is,1,icas-y3-digitech-b-003,,,high,ICAS Digital Technologies is outside Victorian Curriculum Mathematics & English L3–L5 scope.,out_of_scope
digital_technologies,3,Digital Systems,Identifying outputs,Sorting devices into inputs and outputs,1,icas-y3-digitech-da-012,,,high,ICAS Digital Technologies is outside Victorian Curriculum Mathematics & English L3–L5 scope.,out_of_scope
digital_technologies,3,Digital Systems,Input and output,Identifying an input device,1,icas-y3-digitech-da-002,,,high,ICAS Digital Technologies is outside Victorian Curriculum Mathematics & English L3–L5 scope.,out_of_scope
digital_technologies,3,Digital Systems,Input and output devices,Identifying an input device,1,icas-y3-digitech-b-001,,,high,ICAS Digital Technologies is outside Victorian Curriculum Mathematics & English L3–L5 scope.,out_of_scope
digital_technologies,3,Digital Systems,Input and output devices,Identifying an output device,2,"icas-y3-digitech-b-002, icas-y3-digitech-dc-003",,,high,ICAS Digital Technologies is outside Victorian Curriculum Mathematics & English L3–L5 scope.,out_of_scope
digital_technologies,3,Digital Systems,Input devices,"Digital systems: input, process, output, storage devices",1,icas-y3-digitech-f1-008,,,high,ICAS Digital Technologies is outside Victorian Curriculum Mathematics & English L3–L5 scope.,out_of_scope
digital_technologies,3,Digital Systems,"Input, process, output","Digital systems: input, process, output, storage devices",1,icas-y3-digitech-f1-001,,,high,ICAS Digital Technologies is outside Victorian Curriculum Mathematics & English L3–L5 scope.,out_of_scope
digital_technologies,3,Digital Systems,Key vocabulary of computers,Matching digital words to their meaning,1,icas-y3-digitech-dc-013,,,high,ICAS Digital Technologies is outside Victorian Curriculum Mathematics & English L3–L5 scope.,out_of_scope
digital_technologies,3,Digital Systems,Menus and navigation,Following a menu to find the right button,1,icas-y3-digitech-b-006,,,high,ICAS Digital Technologies is outside Victorian Curriculum Mathematics & English L3–L5 scope.,out_of_scope
digital_technologies,3,Digital Systems,Parts of a computer,Matching hardware to the job it does,1,icas-y3-digitech-dd-008,,,high,ICAS Digital Technologies is outside Victorian Curriculum Mathematics & English L3–L5 scope.,out_of_scope
digital_technologies,3,Digital Systems,Patterns and codes,Continuing an on and off pattern,1,icas-y3-digitech-b-009,,,high,ICAS Digital Technologies is outside Victorian Curriculum Mathematics & English L3–L5 scope.,out_of_scope
digital_technologies,3,Digital Systems,Patterns and codes,Reading a two-symbol code,1,icas-y3-digitech-b-010,,,high,ICAS Digital Technologies is outside Victorian Curriculum Mathematics & English L3–L5 scope.,out_of_scope
digital_technologies,3,Digital Systems,Storage devices,"Digital systems: input, process, output, storage devices",2,"icas-y3-digitech-f1-002, icas-y3-digitech-f1-013",,,high,ICAS Digital Technologies is outside Victorian Curriculum Mathematics & English L3–L5 scope.,out_of_scope
digital_technologies,3,Digital Systems,Storage devices,Identifying a device used to store and move files,1,icas-y3-digitech-dd-003,,,high,ICAS Digital Technologies is outside Victorian Curriculum Mathematics & English L3–L5 scope.,out_of_scope
digital_technologies,3,Internet & Email,Being kind online,Being kind and polite online,1,icas-y3-digitech-b-012,,,high,ICAS Digital Technologies is outside Victorian Curriculum Mathematics & English L3–L5 scope.,out_of_scope
digital_technologies,3,Internet & Email,Choosing digital tools,Choosing a sensible digital tool for a task,1,icas-y3-digitech-b-016,,,high,ICAS Digital Technologies is outside Victorian Curriculum Mathematics & English L3–L5 scope.,out_of_scope
digital_technologies,3,Internet & Email,Choosing digital tools,Matching a task to the right digital tool,1,icas-y3-digitech-b-017,,,high,ICAS Digital Technologies is outside Victorian Curriculum Mathematics & English L3–L5 scope.,out_of_scope
digital_technologies,3,Internet & Email,Getting help,Knowing when to tell a trusted adult,1,icas-y3-digitech-dd-009,,,high,ICAS Digital Technologies is outside Victorian Curriculum Mathematics & English L3–L5 scope.,out_of_scope
digital_technologies,3,Internet & Email,Kind and respectful online use,Being kind and asking before sharing,1,icas-y3-digitech-dc-014,,,high,ICAS Digital Technologies is outside Victorian Curriculum Mathematics & English L3–L5 scope.,out_of_scope
digital_technologies,3,Internet & Email,Passwords,Choosing a strong password,1,icas-y3-digitech-dd-015,,,high,ICAS Digital Technologies is outside Victorian Curriculum Mathematics & English L3–L5 scope.,out_of_scope
digital_technologies,3,Internet & Email,Passwords,Keeping a password private,1,icas-y3-digitech-b-013,,,high,ICAS Digital Technologies is outside Victorian Curriculum Mathematics & English L3–L5 scope.,out_of_scope
digital_technologies,3,Internet & Email,Passwords,Recognising a strong password,1,icas-y3-digitech-b-014,,,high,ICAS Digital Technologies is outside Victorian Curriculum Mathematics & English L3–L5 scope.,out_of_scope
digital_technologies,3,Internet & Email,Passwords,Safe and responsible use of devices and passwords,2,"icas-y3-digitech-f1-003, icas-y3-digitech-f1-016",,,high,ICAS Digital Technologies is outside Victorian Curriculum Mathematics & English L3–L5 scope.,out_of_scope
digital_technologies,3,Internet & Email,Personal information,Recognising personal information,1,icas-y3-digitech-b-015,,,high,ICAS Digital Technologies is outside Victorian Curriculum Mathematics & English L3–L5 scope.,out_of_scope
digital_technologies,3,Internet & Email,Protecting passwords,Keeping a password safe,1,icas-y3-digitech-dc-006,,,high,ICAS Digital Technologies is outside Victorian Curriculum Mathematics & English L3–L5 scope.,out_of_scope
digital_technologies,3,Internet & Email,Protecting personal information,Choosing safe actions when a site asks for personal details,1,icas-y3-digitech-dd-004,,,high,ICAS Digital Technologies is outside Victorian Curriculum Mathematics & English L3–L5 scope.,out_of_scope
digital_technologies,3,Internet & Email,Protecting personal information,Recognising unsafe requests for personal details,1,icas-y3-digitech-da-003,,,high,ICAS Digital Technologies is outside Victorian Curriculum Mathematics & English L3–L5 scope.,out_of_scope
digital_technologies,3,Internet & Email,Responding safely and kindly online,Matching online situations to good actions,1,icas-y3-digitech-da-013,,,high,ICAS Digital Technologies is outside Victorian Curriculum Mathematics & English L3–L5 scope.,out_of_scope
digital_technologies,3,Internet & Email,Responsible use,Safe and responsible use of devices and passwords,1,icas-y3-digitech-f1-010,,,high,ICAS Digital Technologies is outside Victorian Curriculum Mathematics & English L3–L5 scope.,out_of_scope
digital_technologies,3,Internet & Email,Safe and kind online behaviour,Choosing safe and kind online actions,1,icas-y3-digitech-da-006,,,high,ICAS Digital Technologies is outside Victorian Curriculum Mathematics & English L3–L5 scope.,out_of_scope
digital_technologies,3,Internet & Email,Safe choices online,Matching online situations to safe actions,1,icas-y3-digitech-dd-013,,,high,ICAS Digital Technologies is outside Victorian Curriculum Mathematics & English L3–L5 scope.,out_of_scope
digital_technologies,3,Internet & Email,Staying safe online,Responding safely to an online stranger,1,icas-y3-digitech-b-011,,,high,ICAS Digital Technologies is outside Victorian Curriculum Mathematics & English L3–L5 scope.,out_of_scope
digital_technologies,3,Internet & Email,Staying safe online,Spotting a suspicious pop-up message,1,icas-y3-digitech-b-018,,,high,ICAS Digital Technologies is outside Victorian Curriculum Mathematics & English L3–L5 scope.,out_of_scope
digital_technologies,3,Internet & Email,Staying safe with strangers online,Responding safely to online strangers,1,icas-y3-digitech-dc-005,,,high,ICAS Digital Technologies is outside Victorian Curriculum Mathematics & English L3–L5 scope.,out_of_scope
digital_technologies,3,Programming,Branching (if/then),Patterns and simple branching (if/then) in everyday instructions,1,icas-y3-digitech-f1-007,,,high,ICAS Digital Technologies is outside Victorian Curriculum Mathematics & English L3–L5 scope.,out_of_scope
digital_technologies,3,Programming,Choosing correct steps,Choose the set of steps that completes a task,1,icas-y3-digitech-a-014,,,high,ICAS Digital Technologies is outside Victorian Curriculum Mathematics & English L3–L5 scope.,out_of_scope
digital_technologies,3,Programming,Counting repeats in a loop,Count how many times a step still repeats in a loop,1,icas-y3-digitech-a-011,,,high,ICAS Digital Technologies is outside Victorian Curriculum Mathematics & English L3–L5 scope.,out_of_scope
digital_technologies,3,Programming,Debugging,Finding the step with a mistake in a sequence,1,icas-y3-digitech-dd-005,,,high,ICAS Digital Technologies is outside Victorian Curriculum Mathematics & English L3–L5 scope.,out_of_scope
digital_technologies,3,Programming,Debugging a sequence,Finding a step that is out of order,1,icas-y3-digitech-dc-002,,,high,ICAS Digital Technologies is outside Victorian Curriculum Mathematics & English L3–L5 scope.,out_of_scope
digital_technologies,3,Programming,Decisions and conditions,Following an if-then rule to choose an action,1,icas-y3-digitech-dd-016,,,high,ICAS Digital Technologies is outside Victorian Curriculum Mathematics & English L3–L5 scope.,out_of_scope
digital_technologies,3,Programming,Errors in instructions,Find the wrong step in a set of instructions,1,icas-y3-digitech-a-002,,,high,ICAS Digital Technologies is outside Victorian Curriculum Mathematics & English L3–L5 scope.,out_of_scope
digital_technologies,3,Programming,Finding and fixing a missing step,Debugging a sequence of instructions,1,icas-y3-digitech-da-004,,,high,ICAS Digital Technologies is outside Victorian Curriculum Mathematics & English L3–L5 scope.,out_of_scope
digital_technologies,3,Programming,Following a rule,Working out the output of a two-step rule,1,icas-y3-digitech-dd-011,,,high,ICAS Digital Technologies is outside Victorian Curriculum Mathematics & English L3–L5 scope.,out_of_scope
digital_technologies,3,Programming,Following a rule step by step,Working out the output of a two-step rule,1,icas-y3-digitech-dc-011,,,high,ICAS Digital Technologies is outside Victorian Curriculum Mathematics & English L3–L5 scope.,out_of_scope
digital_technologies,3,Programming,Following a rule with a choice,Working out the output of a simple rule,1,icas-y3-digitech-da-016,,,high,ICAS Digital Technologies is outside Victorian Curriculum Mathematics & English L3–L5 scope.,out_of_scope
digital_technologies,3,Programming,Following a sequence of steps,Follow a step-by-step sequence to find the result,1,icas-y3-digitech-a-001,,,high,ICAS Digital Technologies is outside Victorian Curriculum Mathematics & English L3–L5 scope.,out_of_scope
digital_technologies,3,Programming,Loops and repeats,Work out the result of a repeated instruction (loop),1,icas-y3-digitech-a-005,,,high,ICAS Digital Technologies is outside Victorian Curriculum Mathematics & English L3–L5 scope.,out_of_scope
digital_technologies,3,Programming,Missing steps,Find the missing step in an algorithm,1,icas-y3-digitech-a-003,,,high,ICAS Digital Technologies is outside Victorian Curriculum Mathematics & English L3–L5 scope.,out_of_scope
digital_technologies,3,Programming,Ordering steps,Follow and order the steps of a simple algorithm,1,icas-y3-digitech-f1-004,,,high,ICAS Digital Technologies is outside Victorian Curriculum Mathematics & English L3–L5 scope.,out_of_scope
digital_technologies,3,Programming,Ordering steps,Putting the steps of a task in a sensible order,1,icas-y3-digitech-dd-002,,,high,ICAS Digital Technologies is outside Victorian Curriculum Mathematics & English L3–L5 scope.,out_of_scope
digital_technologies,3,Programming,Ordering steps in a sequence,Putting everyday steps into a correct algorithm,1,icas-y3-digitech-da-001,,,high,ICAS Digital Technologies is outside Victorian Curriculum Mathematics & English L3–L5 scope.,out_of_scope
digital_technologies,3,Programming,Ordering task steps,Put the steps of an everyday task in order,1,icas-y3-digitech-a-004,,,high,ICAS Digital Technologies is outside Victorian Curriculum Mathematics & English L3–L5 scope.,out_of_scope
digital_technologies,3,Programming,Repeating patterns,Patterns and simple branching (if/then) in everyday instructions,1,icas-y3-digitech-f1-012,,,high,ICAS Digital Technologies is outside Victorian Curriculum Mathematics & English L3–L5 scope.,out_of_scope
digital_technologies,3,Programming,Repeating steps (loops),Ordering an algorithm that uses repetition,1,icas-y3-digitech-da-010,,,high,ICAS Digital Technologies is outside Victorian Curriculum Mathematics & English L3–L5 scope.,out_of_scope
digital_technologies,3,Programming,Repetition and loops,Working out the result of a repeated instruction,1,icas-y3-digitech-dd-007,,,high,ICAS Digital Technologies is outside Victorian Curriculum Mathematics & English L3–L5 scope.,out_of_scope
digital_technologies,3,Programming,Sequencing a login routine,Ordering the steps to use a system,1,icas-y3-digitech-dc-010,,,high,ICAS Digital Technologies is outside Victorian Curriculum Mathematics & English L3–L5 scope.,out_of_scope
digital_technologies,3,Programming,Sequencing everyday steps,Ordering the steps of a simple algorithm,1,icas-y3-digitech-dc-001,,,high,ICAS Digital Technologies is outside Victorian Curriculum Mathematics & English L3–L5 scope.,out_of_scope
digital_technologies,3,Programming,Sequencing instructions,Sequencing instructions so a task works correctly,2,"icas-y3-digitech-f1-009, icas-y3-digitech-f1-014",,,high,ICAS Digital Technologies is outside Victorian Curriculum Mathematics & English L3–L5 scope.,out_of_scope
digital_technologies,3,Programming,Simple if-then rules,Follow a simple 'if... then' instruction,1,icas-y3-digitech-a-012,,,high,ICAS Digital Technologies is outside Victorian Curriculum Mathematics & English L3–L5 scope.,out_of_scope
digital_technologies,3,Programming,Spotting a step out of order,Finding the misplaced step in a sequence,1,icas-y3-digitech-da-011,,,high,ICAS Digital Technologies is outside Victorian Curriculum Mathematics & English L3–L5 scope.,out_of_scope
digital_technologies,3,Spreadsheets & Databases,Adding data from a table,Finding a total from a data table,1,icas-y3-digitech-da-015,,,high,ICAS Digital Technologies is outside Victorian Curriculum Mathematics & English L3–L5 scope.,out_of_scope
digital_technologies,3,Spreadsheets & Databases,Checking a sorted group,Decide if items are grouped correctly by attribute,1,icas-y3-digitech-a-018,,,high,ICAS Digital Technologies is outside Victorian Curriculum Mathematics & English L3–L5 scope.,out_of_scope
digital_technologies,3,Spreadsheets & Databases,Comparing data on a pictograph,Decide if a statement about a pictograph is true or false,1,icas-y3-digitech-a-013,,,high,ICAS Digital Technologies is outside Victorian Curriculum Mathematics & English L3–L5 scope.,out_of_scope
digital_technologies,3,Spreadsheets & Databases,Interpreting a bar chart,Read and interpret data in a table or pictograph a computer produced,2,"icas-y3-digitech-f1-006, icas-y3-digitech-f1-015",,,high,ICAS Digital Technologies is outside Victorian Curriculum Mathematics & English L3–L5 scope.,out_of_scope
digital_technologies,3,Spreadsheets & Databases,Interpreting a pie chart,Linking a fraction of a group to chart data,1,icas-y3-digitech-dc-016,,,high,ICAS Digital Technologies is outside Victorian Curriculum Mathematics & English L3–L5 scope.,out_of_scope
digital_technologies,3,Spreadsheets & Databases,Interpreting a table,Read and interpret data in a table or pictograph a computer produced,2,"icas-y3-digitech-f1-005, icas-y3-digitech-f1-011",,,high,ICAS Digital Technologies is outside Victorian Curriculum Mathematics & English L3–L5 scope.,out_of_scope
digital_technologies,3,Spreadsheets & Databases,Interpreting a two-column table,Reading the right column of a data table,1,icas-y3-digitech-dc-008,,,high,ICAS Digital Technologies is outside Victorian Curriculum Mathematics & English L3–L5 scope.,out_of_scope
digital_technologies,3,Spreadsheets & Databases,Pictographs with a key,Reading totals from a pictograph key,1,icas-y3-digitech-dc-007,,,high,ICAS Digital Technologies is outside Victorian Curriculum Mathematics & English L3–L5 scope.,out_of_scope
digital_technologies,3,Spreadsheets & Databases,Reading a bar chart,Comparing values on a bar chart,1,icas-y3-digitech-da-007,,,high,ICAS Digital Technologies is outside Victorian Curriculum Mathematics & English L3–L5 scope.,out_of_scope
digital_technologies,3,Spreadsheets & Databases,Reading a bar chart,Reading an exact value from a bar chart,1,icas-y3-digitech-dd-001,,,high,ICAS Digital Technologies is outside Victorian Curriculum Mathematics & English L3–L5 scope.,out_of_scope
digital_technologies,3,Spreadsheets & Databases,Reading a number line,Finding the distance between two points on a number line,1,icas-y3-digitech-dd-014,,,high,ICAS Digital Technologies is outside Victorian Curriculum Mathematics & English L3–L5 scope.,out_of_scope
digital_technologies,3,Spreadsheets & Databases,Reading a pictograph,Read a value from a pictograph,1,icas-y3-digitech-a-006,,,high,ICAS Digital Technologies is outside Victorian Curriculum Mathematics & English L3–L5 scope.,out_of_scope
digital_technologies,3,Spreadsheets & Databases,Reading a pie chart,Linking a fraction of a group to a pie chart slice,1,icas-y3-digitech-dd-010,,,high,ICAS Digital Technologies is outside Victorian Curriculum Mathematics & English L3–L5 scope.,out_of_scope
digital_technologies,3,Spreadsheets & Databases,Reading a table,Read information from a table,1,icas-y3-digitech-a-007,,,high,ICAS Digital Technologies is outside Victorian Curriculum Mathematics & English L3–L5 scope.,out_of_scope
digital_technologies,3,Spreadsheets & Databases,Reading a table,Reading the correct column of a data table,1,icas-y3-digitech-dd-006,,,high,ICAS Digital Technologies is outside Victorian Curriculum Mathematics & English L3–L5 scope.,out_of_scope
digital_technologies,3,Spreadsheets & Databases,Reading and comparing a bar chart,Comparing values on a bar chart,1,icas-y3-digitech-dc-015,,,high,ICAS Digital Technologies is outside Victorian Curriculum Mathematics & English L3–L5 scope.,out_of_scope
digital_technologies,3,Spreadsheets & Databases,Reading the right column in a table,Interpreting a data table with two number columns,1,icas-y3-digitech-da-008,,,high,ICAS Digital Technologies is outside Victorian Curriculum Mathematics & English L3–L5 scope.,out_of_scope
digital_technologies,3,Spreadsheets & Databases,Selecting data that fits a rule,Choose all data items that fit a rule,1,icas-y3-digitech-a-015,,,high,ICAS Digital Technologies is outside Victorian Curriculum Mathematics & English L3–L5 scope.,out_of_scope
digital_technologies,3,Spreadsheets & Databases,Sorting and grouping data,Choosing sensible ways to sort data,1,icas-y3-digitech-dc-012,,,high,ICAS Digital Technologies is outside Victorian Curriculum Mathematics & English L3–L5 scope.,out_of_scope
digital_technologies,3,Spreadsheets & Databases,Sorting by an attribute,Sort items into a group by an attribute,1,icas-y3-digitech-a-008,,,high,ICAS Digital Technologies is outside Victorian Curriculum Mathematics & English L3–L5 scope.,out_of_scope
digital_technologies,3,Spreadsheets & Databases,Symbols and keys,Match symbols to their meanings using a key,1,icas-y3-digitech-a-010,,,high,ICAS Digital Technologies is outside Victorian Curriculum Mathematics & English L3–L5 scope.,out_of_scope
digital_technologies,3,Spreadsheets & Databases,Tally marks,Count and total using tally marks,1,icas-y3-digitech-a-009,,,high,ICAS Digital Technologies is outside Victorian Curriculum Mathematics & English L3–L5 scope.,out_of_scope
digital_technologies,3,Spreadsheets & Databases,Using a pictograph key,Working out a total from a pictograph key,1,icas-y3-digitech-da-014,,,high,ICAS Digital Technologies is outside Victorian Curriculum Mathematics & English L3–L5 scope.,out_of_scope
science,3,Earth & Beyond,Caring for the environment,Choosing the best action to reduce rubbish sent to landfill,1,icas-y3-science-a-012,,,high,ICAS Science is outside Victorian Curriculum Mathematics & English L3–L5 scope.,out_of_scope
science,3,Earth & Beyond,Caring for the environment,Drawing a conclusion about litter harming animals from an observation,1,icas-y3-science-a-018,,,high,ICAS Science is outside Victorian Curriculum Mathematics & English L3–L5 scope.,out_of_scope
science,3,Earth & Beyond,Day and night,"Day and night, sun and shadows",1,icas-y3-science-e1-012,,,high,ICAS Science is outside Victorian Curriculum Mathematics & English L3–L5 scope.,out_of_scope
science,3,Earth & Beyond,Day and night,Explaining day and night from Earth's rotation,1,icas-y3-science-da-004,,,high,ICAS Science is outside Victorian Curriculum Mathematics & English L3–L5 scope.,out_of_scope
science,3,Earth & Beyond,Day and night,Explaining why the Sun is not seen at midnight,1,icas-y3-science-a-010,,,high,ICAS Science is outside Victorian Curriculum Mathematics & English L3–L5 scope.,out_of_scope
science,3,Earth & Beyond,Daylight and seasons,Reading and comparing values in a table,1,icas-y3-science-da-010,,,high,ICAS Science is outside Victorian Curriculum Mathematics & English L3–L5 scope.,out_of_scope
science,3,Earth & Beyond,"Sizes of Earth, Sun and Moon",Ordering space objects by size,1,icas-y3-science-db-014,,,high,ICAS Science is outside Victorian Curriculum Mathematics & English L3–L5 scope.,out_of_scope
science,3,Earth & Beyond,Sun and shadows,"Day and night, sun and shadows",1,icas-y3-science-e1-013,,,high,ICAS Science is outside Victorian Curriculum Mathematics & English L3–L5 scope.,out_of_scope
science,3,Earth & Beyond,The Sun,Recognising true facts about the Sun,1,icas-y3-science-db-013,,,high,ICAS Science is outside Victorian Curriculum Mathematics & English L3–L5 scope.,out_of_scope
science,3,Earth & Beyond,The Sun and shadows,Interpreting shadow data to infer the Sun's position,1,icas-y3-science-da-016,,,high,ICAS Science is outside Victorian Curriculum Mathematics & English L3–L5 scope.,out_of_scope
science,3,Earth & Beyond,Weather and seasons,Identifying a season from weather clues,1,icas-y3-science-a-011,,,high,ICAS Science is outside Victorian Curriculum Mathematics & English L3–L5 scope.,out_of_scope
science,3,Earth & Beyond,Weather and seasons,Weather and seasons,1,icas-y3-science-e1-007,,,high,ICAS Science is outside Victorian Curriculum Mathematics & English L3–L5 scope.,out_of_scope
science,3,Earth & Beyond,Weather data,Reading a value from a rainfall bar chart,1,icas-y3-science-a-013,,,high,ICAS Science is outside Victorian Curriculum Mathematics & English L3–L5 scope.,out_of_scope
science,3,Earth & Beyond,Weather data,Reading a weather data table,2,"icas-y3-science-e1-008, icas-y3-science-e1-014",,,high,ICAS Science is outside Victorian Curriculum Mathematics & English L3–L5 scope.,out_of_scope
science,3,Energy & Change,Floating and sinking,Reading float and sink results from a table,1,icas-y3-science-b-007,,,high,ICAS Science is outside Victorian Curriculum Mathematics & English L3–L5 scope.,out_of_scope
science,3,Energy & Change,Forces,Identifying pushes and pulls,1,icas-y3-science-b-005,,,high,ICAS Science is outside Victorian Curriculum Mathematics & English L3–L5 scope.,out_of_scope
science,3,Energy & Change,Forces,Understanding that pushes and pulls are forces,1,icas-y3-science-db-012,,,high,ICAS Science is outside Victorian Curriculum Mathematics & English L3–L5 scope.,out_of_scope
science,3,Energy & Change,Forces and motion,Drawing a conclusion about force size from a chart,1,icas-y3-science-db-009,,,high,ICAS Science is outside Victorian Curriculum Mathematics & English L3–L5 scope.,out_of_scope
science,3,Energy & Change,Forces and movement,Interpret results from a simple experiment table,1,icas-y3-science-e1-001,,,high,ICAS Science is outside Victorian Curriculum Mathematics & English L3–L5 scope.,out_of_scope
science,3,Energy & Change,Friction,Explaining motion using friction,1,icas-y3-science-da-003,,,high,ICAS Science is outside Victorian Curriculum Mathematics & English L3–L5 scope.,out_of_scope
science,3,Energy & Change,Friction,"Forces and movement: push, pull, friction, gravity",1,icas-y3-science-e1-010,,,high,ICAS Science is outside Victorian Curriculum Mathematics & English L3–L5 scope.,out_of_scope
science,3,Energy & Change,Friction and surfaces,Linking friction to distance travelled using a chart,1,icas-y3-science-da-009,,,high,ICAS Science is outside Victorian Curriculum Mathematics & English L3–L5 scope.,out_of_scope
science,3,Energy & Change,Gravity,"Forces and movement: push, pull, friction, gravity",1,icas-y3-science-e1-011,,,high,ICAS Science is outside Victorian Curriculum Mathematics & English L3–L5 scope.,out_of_scope
science,3,Energy & Change,Light,Explain how shadows form,1,icas-y3-science-e2-013,,,high,ICAS Science is outside Victorian Curriculum Mathematics & English L3–L5 scope.,out_of_scope
science,3,Energy & Change,Light and shadows,Explaining how shadows are formed,1,icas-y3-science-b-010,,,high,ICAS Science is outside Victorian Curriculum Mathematics & English L3–L5 scope.,out_of_scope
science,3,Energy & Change,Magnetism,Identifying magnetic materials,1,icas-y3-science-da-014,,,high,ICAS Science is outside Victorian Curriculum Mathematics & English L3–L5 scope.,out_of_scope
science,3,Energy & Change,Magnets,Knowing which materials a magnet attracts,1,icas-y3-science-b-008,,,high,ICAS Science is outside Victorian Curriculum Mathematics & English L3–L5 scope.,out_of_scope
science,3,Energy & Change,Magnets,Recognising true facts about how magnets behave,1,icas-y3-science-db-010,,,high,ICAS Science is outside Victorian Curriculum Mathematics & English L3–L5 scope.,out_of_scope
science,3,Energy & Change,Movement and surfaces,Reading a value from a bar chart,1,icas-y3-science-b-016,,,high,ICAS Science is outside Victorian Curriculum Mathematics & English L3–L5 scope.,out_of_scope
science,3,Energy & Change,Movement on ramps,Reading a value from a ramp results table,1,icas-y3-science-b-006,,,high,ICAS Science is outside Victorian Curriculum Mathematics & English L3–L5 scope.,out_of_scope
science,3,Energy & Change,Push and pull,"Forces and movement: push, pull, friction, gravity",1,icas-y3-science-e1-009,,,high,ICAS Science is outside Victorian Curriculum Mathematics & English L3–L5 scope.,out_of_scope
science,3,Energy & Change,Sound,Link sound to vibration,1,icas-y3-science-e2-012,,,high,ICAS Science is outside Victorian Curriculum Mathematics & English L3–L5 scope.,out_of_scope
science,3,Energy & Change,Sound,Understanding that vibrations make sound,1,icas-y3-science-b-009,,,high,ICAS Science is outside Victorian Curriculum Mathematics & English L3–L5 scope.,out_of_scope
science,3,Interpreting,Interpreting graphs,Calculate change from a line graph,1,icas-y3-science-e2-008,,,high,ICAS Science is outside Victorian Curriculum Mathematics & English L3–L5 scope.,out_of_scope
science,3,Interpreting,Interpreting graphs,Compare values on a bar chart,1,icas-y3-science-e2-016,,,high,ICAS Science is outside Victorian Curriculum Mathematics & English L3–L5 scope.,out_of_scope
science,3,Interpreting,Interpreting graphs,Read change from a line graph,1,icas-y3-science-e2-007,,,high,ICAS Science is outside Victorian Curriculum Mathematics & English L3–L5 scope.,out_of_scope
science,3,Interpreting,Interpreting results,Checking a claim against a results table,1,icas-y3-science-b-017,,,high,ICAS Science is outside Victorian Curriculum Mathematics & English L3–L5 scope.,out_of_scope
science,3,Interpreting,Reading a line graph,Finding the largest change on a line graph,1,icas-y3-science-db-016,,,high,ICAS Science is outside Victorian Curriculum Mathematics & English L3–L5 scope.,out_of_scope
science,3,Investigating,Fair testing,Explaining why some things are kept the same,1,icas-y3-science-b-012,,,high,ICAS Science is outside Victorian Curriculum Mathematics & English L3–L5 scope.,out_of_scope
science,3,Investigating,Fair testing,Identify the changed variable,1,icas-y3-science-e2-004,,,high,ICAS Science is outside Victorian Curriculum Mathematics & English L3–L5 scope.,out_of_scope
science,3,Investigating,Fair testing,Identify the measured variable,1,icas-y3-science-e2-005,,,high,ICAS Science is outside Victorian Curriculum Mathematics & English L3–L5 scope.,out_of_scope
science,3,Investigating,Fair testing,Identifying the variable that was changed,1,icas-y3-science-b-011,,,high,ICAS Science is outside Victorian Curriculum Mathematics & English L3–L5 scope.,out_of_scope
science,3,Investigating,Fair testing,Keep variables controlled,1,icas-y3-science-e2-006,,,high,ICAS Science is outside Victorian Curriculum Mathematics & English L3–L5 scope.,out_of_scope
science,3,Investigating,Fair tests,Judging whether an investigation is fair,1,icas-y3-science-da-011,,,high,ICAS Science is outside Victorian Curriculum Mathematics & English L3–L5 scope.,out_of_scope
science,3,Investigating,Fair tests and variables,Choosing variables to keep constant in a fair test,1,icas-y3-science-da-005,,,high,ICAS Science is outside Victorian Curriculum Mathematics & English L3–L5 scope.,out_of_scope
science,3,Investigating,Steps of a method,Ordering the steps of an investigation,1,icas-y3-science-b-014,,,high,ICAS Science is outside Victorian Curriculum Mathematics & English L3–L5 scope.,out_of_scope
science,3,Life & Living,Adaptations to habitat,Explaining animal behaviour as a response to environment,1,icas-y3-science-da-012,,,high,ICAS Science is outside Victorian Curriculum Mathematics & English L3–L5 scope.,out_of_scope
science,3,Life & Living,Animal adaptations,Explaining how a feature or behaviour helps an animal survive in its habitat,1,icas-y3-science-a-001,,,high,ICAS Science is outside Victorian Curriculum Mathematics & English L3–L5 scope.,out_of_scope
science,3,Life & Living,Camouflage,Identifying camouflage as a feature that keeps an animal safe,1,icas-y3-science-a-014,,,high,ICAS Science is outside Victorian Curriculum Mathematics & English L3–L5 scope.,out_of_scope
science,3,Life & Living,Classifying animals,Identify observable features,1,icas-y3-science-e2-015,,,high,ICAS Science is outside Victorian Curriculum Mathematics & English L3–L5 scope.,out_of_scope
science,3,Life & Living,Classifying animals,Matching animals to their animal group by features,1,icas-y3-science-db-002,,,high,ICAS Science is outside Victorian Curriculum Mathematics & English L3–L5 scope.,out_of_scope
science,3,Life & Living,Classifying animals,Sort animals by observable features,1,icas-y3-science-e2-014,,,high,ICAS Science is outside Victorian Curriculum Mathematics & English L3–L5 scope.,out_of_scope
science,3,Life & Living,Features of living things,Identifying living things from their characteristics,1,icas-y3-science-da-001,,,high,ICAS Science is outside Victorian Curriculum Mathematics & English L3–L5 scope.,out_of_scope
science,3,Life & Living,Food chains,Ordering a simple food chain,1,icas-y3-science-a-008,,,high,ICAS Science is outside Victorian Curriculum Mathematics & English L3–L5 scope.,out_of_scope
science,3,Life & Living,Food sources,Matching foods to the plant or animal they come from,1,icas-y3-science-a-007,,,high,ICAS Science is outside Victorian Curriculum Mathematics & English L3–L5 scope.,out_of_scope
science,3,Life & Living,Habitats,"Living things: needs, life cycles, habitats",1,icas-y3-science-e1-004,,,high,ICAS Science is outside Victorian Curriculum Mathematics & English L3–L5 scope.,out_of_scope
science,3,Life & Living,Habitats,Matching animals to their habitats,1,icas-y3-science-a-015,,,high,ICAS Science is outside Victorian Curriculum Mathematics & English L3–L5 scope.,out_of_scope
science,3,Life & Living,Life cycles,Identifying the first stage after a butterfly egg hatches,1,icas-y3-science-a-003,,,high,ICAS Science is outside Victorian Curriculum Mathematics & English L3–L5 scope.,out_of_scope
science,3,Life & Living,Life cycles,"Living things: needs, life cycles, habitats",1,icas-y3-science-e1-003,,,high,ICAS Science is outside Victorian Curriculum Mathematics & English L3–L5 scope.,out_of_scope
science,3,Life & Living,Life cycles,Ordering the stages of a frog's life cycle,1,icas-y3-science-a-002,,,high,ICAS Science is outside Victorian Curriculum Mathematics & English L3–L5 scope.,out_of_scope
science,3,Life & Living,Life cycles,Sequencing stages of an animal life cycle,1,icas-y3-science-da-007,,,high,ICAS Science is outside Victorian Curriculum Mathematics & English L3–L5 scope.,out_of_scope
science,3,Life & Living,Life cycles,Sequencing the stages of a frog's life cycle,1,icas-y3-science-db-003,,,high,ICAS Science is outside Victorian Curriculum Mathematics & English L3–L5 scope.,out_of_scope
science,3,Life & Living,Living and non-living,Sorting things into living and non-living,1,icas-y3-science-a-006,,,high,ICAS Science is outside Victorian Curriculum Mathematics & English L3–L5 scope.,out_of_scope
science,3,Life & Living,Living and non-living things,Distinguishing living things from moving non-living things,1,icas-y3-science-db-004,,,high,ICAS Science is outside Victorian Curriculum Mathematics & English L3–L5 scope.,out_of_scope
science,3,Life & Living,Needs of living things,Identifying the daily needs of a living animal,1,icas-y3-science-a-005,,,high,ICAS Science is outside Victorian Curriculum Mathematics & English L3–L5 scope.,out_of_scope
science,3,Life & Living,Needs of living things,Interpreting a data table to find what a plant needs to grow,1,icas-y3-science-a-016,,,high,ICAS Science is outside Victorian Curriculum Mathematics & English L3–L5 scope.,out_of_scope
science,3,Life & Living,Needs of living things,"Living things: needs, life cycles, habitats",1,icas-y3-science-e1-002,,,high,ICAS Science is outside Victorian Curriculum Mathematics & English L3–L5 scope.,out_of_scope
science,3,Life & Living,Plant parts,Matching plant parts to their jobs,1,icas-y3-science-a-009,,,high,ICAS Science is outside Victorian Curriculum Mathematics & English L3–L5 scope.,out_of_scope
science,3,Life & Living,Plant parts and their jobs,Explain the function of leaves,1,icas-y3-science-e2-002,,,high,ICAS Science is outside Victorian Curriculum Mathematics & English L3–L5 scope.,out_of_scope
science,3,Life & Living,Plant parts and their jobs,Identify plant parts and their functions,1,icas-y3-science-e2-001,,,high,ICAS Science is outside Victorian Curriculum Mathematics & English L3–L5 scope.,out_of_scope
science,3,Life & Living,Plant parts and their jobs,Identifying the function of a plant's roots,1,icas-y3-science-db-001,,,high,ICAS Science is outside Victorian Curriculum Mathematics & English L3–L5 scope.,out_of_scope
science,3,Life & Living,Seasonal animal behaviour,Reasoning about why animals store fat before winter,1,icas-y3-science-a-017,,,high,ICAS Science is outside Victorian Curriculum Mathematics & English L3–L5 scope.,out_of_scope
science,3,Life & Living,What plants need to grow,Identify the needs of plants,1,icas-y3-science-e2-003,,,high,ICAS Science is outside Victorian Curriculum Mathematics & English L3–L5 scope.,out_of_scope
science,3,Natural & Processed Materials,Absorbency,Interpret results from a simple experiment table,1,icas-y3-science-e1-015,,,high,ICAS Science is outside Victorian Curriculum Mathematics & English L3–L5 scope.,out_of_scope
science,3,Natural & Processed Materials,Absorbency,"Materials and their properties (float/sink, bend, absorb)",1,icas-y3-science-e1-006,,,high,ICAS Science is outside Victorian Curriculum Mathematics & English L3–L5 scope.,out_of_scope
science,3,Natural & Processed Materials,Changes caused by heating,Melting: solids turning to liquid when heated,1,icas-y3-science-b-003,,,high,ICAS Science is outside Victorian Curriculum Mathematics & English L3–L5 scope.,out_of_scope
science,3,Natural & Processed Materials,Choosing materials,Using a properties table to pick the best material,1,icas-y3-science-b-018,,,high,ICAS Science is outside Victorian Curriculum Mathematics & English L3–L5 scope.,out_of_scope
science,3,Natural & Processed Materials,Choosing materials for a purpose,Selecting a material using two properties in a table,1,icas-y3-science-db-006,,,high,ICAS Science is outside Victorian Curriculum Mathematics & English L3–L5 scope.,out_of_scope
science,3,Natural & Processed Materials,Choosing materials from test results,Selecting a material using two properties from a table,1,icas-y3-science-da-008,,,high,ICAS Science is outside Victorian Curriculum Mathematics & English L3–L5 scope.,out_of_scope
science,3,Natural & Processed Materials,Float and sink,"Materials and their properties (float/sink, bend, absorb)",1,icas-y3-science-e1-005,,,high,ICAS Science is outside Victorian Curriculum Mathematics & English L3–L5 scope.,out_of_scope
science,3,Natural & Processed Materials,Material properties,"Materials and their properties (float/sink, bend, absorb)",1,icas-y3-science-e1-016,,,high,ICAS Science is outside Victorian Curriculum Mathematics & English L3–L5 scope.,out_of_scope
science,3,Natural & Processed Materials,Mixing and dissolving,Dissolving a solid in water,1,icas-y3-science-b-004,,,high,ICAS Science is outside Victorian Curriculum Mathematics & English L3–L5 scope.,out_of_scope
science,3,Natural & Processed Materials,Properties and uses of materials,Matching a material's property to its use,1,icas-y3-science-da-002,,,high,ICAS Science is outside Victorian Curriculum Mathematics & English L3–L5 scope.,out_of_scope
science,3,Natural & Processed Materials,Properties of everyday materials,Choosing a suitable material for a job,1,icas-y3-science-b-001,,,high,ICAS Science is outside Victorian Curriculum Mathematics & English L3–L5 scope.,out_of_scope
science,3,Natural & Processed Materials,Properties of materials,Linking a material's property to why it is chosen,1,icas-y3-science-db-005,,,high,ICAS Science is outside Victorian Curriculum Mathematics & English L3–L5 scope.,out_of_scope
science,3,Natural & Processed Materials,Properties of materials,Matching materials to their useful properties,1,icas-y3-science-b-015,,,high,ICAS Science is outside Victorian Curriculum Mathematics & English L3–L5 scope.,out_of_scope
science,3,Natural & Processed Materials,Reversible changes of state,Recognising a reversible change,1,icas-y3-science-da-013,,,high,ICAS Science is outside Victorian Curriculum Mathematics & English L3–L5 scope.,out_of_scope
science,3,Natural & Processed Materials,States of matter,"Classify materials as solid, liquid or gas",1,icas-y3-science-e2-009,,,high,ICAS Science is outside Victorian Curriculum Mathematics & English L3–L5 scope.,out_of_scope
science,3,Natural & Processed Materials,States of matter,Identify evaporation and boiling,1,icas-y3-science-e2-011,,,high,ICAS Science is outside Victorian Curriculum Mathematics & English L3–L5 scope.,out_of_scope
science,3,Natural & Processed Materials,States of matter,Identify melting as a change of state,1,icas-y3-science-e2-010,,,high,ICAS Science is outside Victorian Curriculum Mathematics & English L3–L5 scope.,out_of_scope
science,3,Natural & Processed Materials,States of matter,Identifying a gas among solids and liquids,1,icas-y3-science-db-007,,,high,ICAS Science is outside Victorian Curriculum Mathematics & English L3–L5 scope.,out_of_scope
science,3,Natural & Processed Materials,States of matter,Recognising that solids keep their shape,1,icas-y3-science-b-002,,,high,ICAS Science is outside Victorian Curriculum Mathematics & English L3–L5 scope.,out_of_scope
science,3,Observing & Measuring,Measuring and reading a scale,Reading a measurement from a number line,1,icas-y3-science-db-011,,,high,ICAS Science is outside Victorian Curriculum Mathematics & English L3–L5 scope.,out_of_scope
science,3,Observing & Measuring,Reading measurements,Reading a number line and finding a difference,1,icas-y3-science-da-015,,,high,ICAS Science is outside Victorian Curriculum Mathematics & English L3–L5 scope.,out_of_scope
science,3,Predicting & Concluding,Interpreting results,Drawing a conclusion from a line graph,1,icas-y3-science-b-013,,,high,ICAS Science is outside Victorian Curriculum Mathematics & English L3–L5 scope.,out_of_scope
science,3,Science inquiry,Reading a bar chart,Comparing values on a bar chart,1,icas-y3-science-da-006,,,high,ICAS Science is outside Victorian Curriculum Mathematics & English L3–L5 scope.,out_of_scope
science,3,Science inquiry,Reading a pie chart,Finding the largest category on a pie chart,1,icas-y3-science-db-015,,,high,ICAS Science is outside Victorian Curriculum Mathematics & English L3–L5 scope.,out_of_scope
science,3,Science inquiry,Reading results from a bar chart,Comparing two bars to find the difference,1,icas-y3-science-db-008,,,high,ICAS Science is outside Victorian Curriculum Mathematics & English L3–L5 scope.,out_of_scope
spelling,3,Morphological,Adding -ed,Adding -ed to a base word with no spelling change,1,icas-y3-spelling-a-011,,,high,Standalone ICAS Spelling subject is outside Victorian Curriculum Mathematics & English scope (integrated English Language/Spelling only).,out_of_scope
spelling,3,Morphological,Adding -ed,Adding '-ed' to 'smile' by dropping the silent 'e',1,icas-y3-spelling-dc-010,,,high,Standalone ICAS Spelling subject is outside Victorian Curriculum Mathematics & English scope (integrated English Language/Spelling only).,out_of_scope
spelling,3,Morphological,Adding -ed after dropping e,Dropping the silent 'e' before adding -ed,1,icas-y3-spelling-a-013,,,high,Standalone ICAS Spelling subject is outside Victorian Curriculum Mathematics & English scope (integrated English Language/Spelling only).,out_of_scope
spelling,3,Morphological,Adding -ed with doubling,Doubling the final consonant before adding -ed,1,icas-y3-spelling-a-012,,,high,Standalone ICAS Spelling subject is outside Victorian Curriculum Mathematics & English scope (integrated English Language/Spelling only).,out_of_scope
spelling,3,Morphological,Adding -ing,Adding -ing to a base word with no spelling change,1,icas-y3-spelling-a-008,,,high,Standalone ICAS Spelling subject is outside Victorian Curriculum Mathematics & English scope (integrated English Language/Spelling only).,out_of_scope
spelling,3,Morphological,Adding -ing (doubling),Doubling the final consonant before adding '-ing',1,icas-y3-spelling-da-011,,,high,Standalone ICAS Spelling subject is outside Victorian Curriculum Mathematics & English scope (integrated English Language/Spelling only).,out_of_scope
spelling,3,Morphological,Adding -ing (drop e),Adding '-ing' to 'come' by dropping the silent 'e',1,icas-y3-spelling-da-016,,,high,Standalone ICAS Spelling subject is outside Victorian Curriculum Mathematics & English scope (integrated English Language/Spelling only).,out_of_scope
spelling,3,Morphological,Adding -ing after dropping e,Dropping the silent 'e' before adding -ing,1,icas-y3-spelling-a-010,,,high,Standalone ICAS Spelling subject is outside Victorian Curriculum Mathematics & English scope (integrated English Language/Spelling only).,out_of_scope
spelling,3,Morphological,Adding -ing with doubling,Doubling the final consonant before adding -ing,1,icas-y3-spelling-a-009,,,high,Standalone ICAS Spelling subject is outside Victorian Curriculum Mathematics & English scope (integrated English Language/Spelling only).,out_of_scope
spelling,3,Morphological,Adding suffixes,Doubling the final consonant before -ed,1,icas-y3-spelling-f1-011,,,high,Standalone ICAS Spelling subject is outside Victorian Curriculum Mathematics & English scope (integrated English Language/Spelling only).,out_of_scope
spelling,3,Morphological,Adding suffixes,Doubling the final consonant before -ing,2,"icas-y3-spelling-f1-003, icas-y3-spelling-f1-016",,,high,Standalone ICAS Spelling subject is outside Victorian Curriculum Mathematics & English scope (integrated English Language/Spelling only).,out_of_scope
spelling,3,Morphological,Comparative -er,Doubling the final consonant before adding '-er' (big to bigger),1,icas-y3-spelling-dc-014,,,high,Standalone ICAS Spelling subject is outside Victorian Curriculum Mathematics & English scope (integrated English Language/Spelling only).,out_of_scope
spelling,3,Morphological,Doubling before -ed,Doubling the final consonant before adding '-ed' (stop to stopped),1,icas-y3-spelling-dc-013,,,high,Standalone ICAS Spelling subject is outside Victorian Curriculum Mathematics & English scope (integrated English Language/Spelling only).,out_of_scope
spelling,3,Morphological,Plurals,Applying the -y to -ies plural rule,1,icas-y3-spelling-f1-012,,,high,Standalone ICAS Spelling subject is outside Victorian Curriculum Mathematics & English scope (integrated English Language/Spelling only).,out_of_scope
spelling,3,Morphological,Plurals,Changing -y to -ies for plurals,1,icas-y3-spelling-f1-004,,,high,Standalone ICAS Spelling subject is outside Victorian Curriculum Mathematics & English scope (integrated English Language/Spelling only).,out_of_scope
spelling,3,Morphological,Plurals,Making plurals by adding '-es' to words ending in 'o',1,icas-y3-spelling-dd-006,,,high,Standalone ICAS Spelling subject is outside Victorian Curriculum Mathematics & English scope (integrated English Language/Spelling only).,out_of_scope
spelling,3,Morphological,Plurals,Making plurals by adding '-es' to words ending in 'ss',1,icas-y3-spelling-dd-005,,,high,Standalone ICAS Spelling subject is outside Victorian Curriculum Mathematics & English scope (integrated English Language/Spelling only).,out_of_scope
spelling,3,Morphological,Plurals f -> ves,Making plurals by changing 'f' to 'ves' (leaf to leaves),1,icas-y3-spelling-da-015,,,high,Standalone ICAS Spelling subject is outside Victorian Curriculum Mathematics & English scope (integrated English Language/Spelling only).,out_of_scope
spelling,3,Morphological,Plurals with -es,"Making a plural by adding -es after x, s, sh or ch",1,icas-y3-spelling-a-015,,,high,Standalone ICAS Spelling subject is outside Victorian Curriculum Mathematics & English scope (integrated English Language/Spelling only).,out_of_scope
spelling,3,Morphological,Plurals with -es,Making plurals by adding '-es' to words ending in 'x',1,icas-y3-spelling-da-007,,,high,Standalone ICAS Spelling subject is outside Victorian Curriculum Mathematics & English scope (integrated English Language/Spelling only).,out_of_scope
spelling,3,Morphological,Plurals with -ies,Making a plural by changing y to -ies,1,icas-y3-spelling-a-016,,,high,Standalone ICAS Spelling subject is outside Victorian Curriculum Mathematics & English scope (integrated English Language/Spelling only).,out_of_scope
spelling,3,Morphological,Plurals with -s,Making a plural by adding -s,1,icas-y3-spelling-a-014,,,high,Standalone ICAS Spelling subject is outside Victorian Curriculum Mathematics & English scope (integrated English Language/Spelling only).,out_of_scope
spelling,3,Morphological,Plurals: y to ies,Making plurals by changing 'y' to 'ies' (baby to babies),1,icas-y3-spelling-dc-009,,,high,Standalone ICAS Spelling subject is outside Victorian Curriculum Mathematics & English scope (integrated English Language/Spelling only).,out_of_scope
spelling,3,Morphological,Prefix un-,Adding the prefix 'un-' to a base word (happy to unhappy),1,icas-y3-spelling-dc-015,,,high,Standalone ICAS Spelling subject is outside Victorian Curriculum Mathematics & English scope (integrated English Language/Spelling only).,out_of_scope
spelling,3,Morphological,Suffix -ful,Recognising the suffix '-ful' is spelled with one 'l',1,icas-y3-spelling-da-008,,,high,Standalone ICAS Spelling subject is outside Victorian Curriculum Mathematics & English scope (integrated English Language/Spelling only).,out_of_scope
spelling,3,Morphological,Suffix -ly,Adding the suffix '-ly' to a base word (quick to quickly),1,icas-y3-spelling-dc-011,,,high,Standalone ICAS Spelling subject is outside Victorian Curriculum Mathematics & English scope (integrated English Language/Spelling only).,out_of_scope
spelling,3,Morphological,Suffixes,Adding the -ful suffix,1,icas-y3-spelling-f1-007,,,high,Standalone ICAS Spelling subject is outside Victorian Curriculum Mathematics & English scope (integrated English Language/Spelling only).,out_of_scope
spelling,3,Morphological,Suffixes,Adding the -ly suffix,1,icas-y3-spelling-f1-006,,,high,Standalone ICAS Spelling subject is outside Victorian Curriculum Mathematics & English scope (integrated English Language/Spelling only).,out_of_scope
spelling,3,Morphological,Suffixes,Adding the suffix '-less' to a base word,1,icas-y3-spelling-dd-013,,,high,Standalone ICAS Spelling subject is outside Victorian Curriculum Mathematics & English scope (integrated English Language/Spelling only).,out_of_scope
spelling,3,Morphological,Suffixes,Adding the suffix '-ness' to a base word,1,icas-y3-spelling-dd-012,,,high,Standalone ICAS Spelling subject is outside Victorian Curriculum Mathematics & English scope (integrated English Language/Spelling only).,out_of_scope
spelling,3,Morphological,Suffixes,Doubling the final consonant before -ing (hopping),1,icas-y3-spelling-b-007,,,high,Standalone ICAS Spelling subject is outside Victorian Curriculum Mathematics & English scope (integrated English Language/Spelling only).,out_of_scope
spelling,3,Morphological,Suffixes,Spelling the -tion suffix,2,"icas-y3-spelling-f1-005, icas-y3-spelling-f1-014",,,high,Standalone ICAS Spelling subject is outside Victorian Curriculum Mathematics & English scope (integrated English Language/Spelling only).,out_of_scope
spelling,3,Phonological,'ar' vowel sound,Spelling the /ar/ sound with the 'ar' letter team,1,icas-y3-spelling-dc-004,,,high,Standalone ICAS Spelling subject is outside Victorian Curriculum Mathematics & English scope (integrated English Language/Spelling only).,out_of_scope
spelling,3,Phonological,'ir' vowel sound,Spelling the /er/ sound with the 'ir' letter team,1,icas-y3-spelling-dc-003,,,high,Standalone ICAS Spelling subject is outside Victorian Curriculum Mathematics & English scope (integrated English Language/Spelling only).,out_of_scope
spelling,3,Phonological,'or' vowel sound,Spelling the /or/ sound with the 'or' letter team,1,icas-y3-spelling-dc-007,,,high,Standalone ICAS Spelling subject is outside Victorian Curriculum Mathematics & English scope (integrated English Language/Spelling only).,out_of_scope
spelling,3,Phonological,'ou' vowel sound,Spelling the /ow/ sound with the 'ou' letter team,1,icas-y3-spelling-dc-006,,,high,Standalone ICAS Spelling subject is outside Victorian Curriculum Mathematics & English scope (integrated English Language/Spelling only).,out_of_scope
spelling,3,Phonological,Blend bl,Spelling words that begin with the 'bl' blend,1,icas-y3-spelling-a-006,,,high,Standalone ICAS Spelling subject is outside Victorian Curriculum Mathematics & English scope (integrated English Language/Spelling only).,out_of_scope
spelling,3,Phonological,Blend str,Spelling the three-letter blend 'str' at the start of a word,1,icas-y3-spelling-a-007,,,high,Standalone ICAS Spelling subject is outside Victorian Curriculum Mathematics & English scope (integrated English Language/Spelling only).,out_of_scope
spelling,3,Phonological,Consonant digraphs,Spelling the /ch/ sound with 'tch' after a short vowel,1,icas-y3-spelling-dd-003,,,high,Standalone ICAS Spelling subject is outside Victorian Curriculum Mathematics & English scope (integrated English Language/Spelling only).,out_of_scope
spelling,3,Phonological,Consonant digraphs,Spelling the /f/ sound with 'ph',1,icas-y3-spelling-dd-014,,,high,Standalone ICAS Spelling subject is outside Victorian Curriculum Mathematics & English scope (integrated English Language/Spelling only).,out_of_scope
spelling,3,Phonological,Digraph ch,Spelling the 'ch' digraph at the end of a word,1,icas-y3-spelling-a-004,,,high,Standalone ICAS Spelling subject is outside Victorian Curriculum Mathematics & English scope (integrated English Language/Spelling only).,out_of_scope
spelling,3,Phonological,Digraph sh,Spelling words that begin with the 'sh' digraph,1,icas-y3-spelling-a-003,,,high,Standalone ICAS Spelling subject is outside Victorian Curriculum Mathematics & English scope (integrated English Language/Spelling only).,out_of_scope
spelling,3,Phonological,Digraph th,Spelling words that begin with the 'th' digraph,1,icas-y3-spelling-a-005,,,high,Standalone ICAS Spelling subject is outside Victorian Curriculum Mathematics & English scope (integrated English Language/Spelling only).,out_of_scope
spelling,3,Phonological,Long /a/ spelled 'ai',Spelling the long /a/ sound with the 'ai' letter team,1,icas-y3-spelling-da-001,,,high,Standalone ICAS Spelling subject is outside Victorian Curriculum Mathematics & English scope (integrated English Language/Spelling only).,out_of_scope
spelling,3,Phonological,Long vowel digraph 'ee',Spelling the long /ee/ sound with the 'ee' letter team,1,icas-y3-spelling-dc-001,,,high,Standalone ICAS Spelling subject is outside Victorian Curriculum Mathematics & English scope (integrated English Language/Spelling only).,out_of_scope
spelling,3,Phonological,Long vowel digraph 'oo',Spelling the long /oo/ sound with the 'oo' letter team,1,icas-y3-spelling-dc-002,,,high,Standalone ICAS Spelling subject is outside Victorian Curriculum Mathematics & English scope (integrated English Language/Spelling only).,out_of_scope
spelling,3,Phonological,Long vowel sounds,Spelling the long /a/ sound with the split digraph a-e,1,icas-y3-spelling-dd-002,,,high,Standalone ICAS Spelling subject is outside Victorian Curriculum Mathematics & English scope (integrated English Language/Spelling only).,out_of_scope
spelling,3,Phonological,Long vowel sounds,Spelling the long /i/ sound with the 'igh' letter team,1,icas-y3-spelling-dd-001,,,high,Standalone ICAS Spelling subject is outside Victorian Curriculum Mathematics & English scope (integrated English Language/Spelling only).,out_of_scope
spelling,3,Phonological,Long vowel with ai team,Spelling the long 'a' sound with the 'ai' vowel team,1,icas-y3-spelling-a-018,,,high,Standalone ICAS Spelling subject is outside Victorian Curriculum Mathematics & English scope (integrated English Language/Spelling only).,out_of_scope
spelling,3,Phonological,Short vowel sounds,Choosing the correct short vowel in a one-syllable word,1,icas-y3-spelling-a-001,,,high,Standalone ICAS Spelling subject is outside Victorian Curriculum Mathematics & English scope (integrated English Language/Spelling only).,out_of_scope
spelling,3,Phonological,Soft 'c' before i/e,Spelling the soft /s/ sound made by 'c' before 'i',1,icas-y3-spelling-da-004,,,high,Standalone ICAS Spelling subject is outside Victorian Curriculum Mathematics & English scope (integrated English Language/Spelling only).,out_of_scope
spelling,3,Phonological,Soft 'g',Spelling the soft /j/ sound made by 'g' before 'i',1,icas-y3-spelling-da-005,,,high,Standalone ICAS Spelling subject is outside Victorian Curriculum Mathematics & English scope (integrated English Language/Spelling only).,out_of_scope
spelling,3,Phonological,Soft c,Soft c (c sounding like s) in 'circle',1,icas-y3-spelling-b-014,,,high,Standalone ICAS Spelling subject is outside Victorian Curriculum Mathematics & English scope (integrated English Language/Spelling only).,out_of_scope
spelling,3,Phonological,Soft g,Soft g (g sounding like j) in 'gentle',1,icas-y3-spelling-b-015,,,high,Standalone ICAS Spelling subject is outside Victorian Curriculum Mathematics & English scope (integrated English Language/Spelling only).,out_of_scope
spelling,3,Phonological,Two-syllable words,Recognising correctly spelt two-syllable words,1,icas-y3-spelling-a-017,,,high,Standalone ICAS Spelling subject is outside Victorian Curriculum Mathematics & English scope (integrated English Language/Spelling only).,out_of_scope
spelling,3,Phonological,Vowel digraphs,Spelling the /air/ sound with the 'air' letter team,1,icas-y3-spelling-dd-011,,,high,Standalone ICAS Spelling subject is outside Victorian Curriculum Mathematics & English scope (integrated English Language/Spelling only).,out_of_scope
spelling,3,Phonological,Vowel digraphs,Spelling the /aw/ sound with the 'aw' letter team,1,icas-y3-spelling-dd-009,,,high,Standalone ICAS Spelling subject is outside Victorian Curriculum Mathematics & English scope (integrated English Language/Spelling only).,out_of_scope
spelling,3,Phonological,Vowel digraphs,Spelling the /oy/ sound with 'oy' at the end of a word,1,icas-y3-spelling-dd-010,,,high,Standalone ICAS Spelling subject is outside Victorian Curriculum Mathematics & English scope (integrated English Language/Spelling only).,out_of_scope
spelling,3,Visual,Common misspellings,Spelling frequently misspelled words,1,icas-y3-spelling-f1-008,,,high,Standalone ICAS Spelling subject is outside Victorian Curriculum Mathematics & English scope (integrated English Language/Spelling only).,out_of_scope
spelling,3,Visual,Common tricky words,Recognising correctly spelled common words,2,"icas-y3-spelling-dc-016, icas-y3-spelling-dd-016",,,high,Standalone ICAS Spelling subject is outside Victorian Curriculum Mathematics & English scope (integrated English Language/Spelling only).,out_of_scope
spelling,3,Visual,Common tricky words,Spotting correctly spelled common words,1,icas-y3-spelling-da-012,,,high,Standalone ICAS Spelling subject is outside Victorian Curriculum Mathematics & English scope (integrated English Language/Spelling only).,out_of_scope
spelling,3,Visual,Double consonants,Double consonant (bb) in 'rabbit',1,icas-y3-spelling-b-006,,,high,Standalone ICAS Spelling subject is outside Victorian Curriculum Mathematics & English scope (integrated English Language/Spelling only).,out_of_scope
spelling,3,Visual,Double consonants,Double consonant (nn) in 'dinner',1,icas-y3-spelling-b-008,,,high,Standalone ICAS Spelling subject is outside Victorian Curriculum Mathematics & English scope (integrated English Language/Spelling only).,out_of_scope
spelling,3,Visual,Double letters,Using a double consonant after a short vowel (rabbit),1,icas-y3-spelling-da-006,,,high,Standalone ICAS Spelling subject is outside Victorian Curriculum Mathematics & English scope (integrated English Language/Spelling only).,out_of_scope
spelling,3,Visual,here / hear,Choosing between the homophones 'here' and 'hear',1,icas-y3-spelling-da-014,,,high,Standalone ICAS Spelling subject is outside Victorian Curriculum Mathematics & English scope (integrated English Language/Spelling only).,out_of_scope
spelling,3,Visual,Homophones,Choosing the correct homophone (hear / here),1,icas-y3-spelling-f1-009,,,high,Standalone ICAS Spelling subject is outside Victorian Curriculum Mathematics & English scope (integrated English Language/Spelling only).,out_of_scope
spelling,3,Visual,Homophones,Choosing the correct homophone (their / there / they're),1,icas-y3-spelling-f1-013,,,high,Standalone ICAS Spelling subject is outside Victorian Curriculum Mathematics & English scope (integrated English Language/Spelling only).,out_of_scope
spelling,3,Visual,Homophones,Choosing the correct homophone (to / too / two),1,icas-y3-spelling-f1-001,,,high,Standalone ICAS Spelling subject is outside Victorian Curriculum Mathematics & English scope (integrated English Language/Spelling only).,out_of_scope
spelling,3,Visual,Homophones,Homophones: bare vs bear,1,icas-y3-spelling-b-005,,,high,Standalone ICAS Spelling subject is outside Victorian Curriculum Mathematics & English scope (integrated English Language/Spelling only).,out_of_scope
spelling,3,Visual,Homophones,Homophones: hear vs here,1,icas-y3-spelling-b-003,,,high,Standalone ICAS Spelling subject is outside Victorian Curriculum Mathematics & English scope (integrated English Language/Spelling only).,out_of_scope
spelling,3,Visual,Homophones,Homophones: no vs know,1,icas-y3-spelling-b-004,,,high,Standalone ICAS Spelling subject is outside Victorian Curriculum Mathematics & English scope (integrated English Language/Spelling only).,out_of_scope
spelling,3,Visual,Homophones,Homophones: their vs there,1,icas-y3-spelling-b-001,,,high,Standalone ICAS Spelling subject is outside Victorian Curriculum Mathematics & English scope (integrated English Language/Spelling only).,out_of_scope
spelling,3,Visual,Homophones,Homophones: to vs too,1,icas-y3-spelling-b-002,,,high,Standalone ICAS Spelling subject is outside Victorian Curriculum Mathematics & English scope (integrated English Language/Spelling only).,out_of_scope
spelling,3,Visual,Homophones too/to/tow,"Choosing between the homophones 'too', 'to' and 'tow'",1,icas-y3-spelling-dc-005,,,high,Standalone ICAS Spelling subject is outside Victorian Curriculum Mathematics & English scope (integrated English Language/Spelling only).,out_of_scope
spelling,3,Visual,Homophones won/one,Choosing between the homophones 'won' and 'one',1,icas-y3-spelling-dc-012,,,high,Standalone ICAS Spelling subject is outside Victorian Curriculum Mathematics & English scope (integrated English Language/Spelling only).,out_of_scope
spelling,3,Visual,Identifying misspelled words,Finding the misspelled word (library) in a sentence,1,icas-y3-spelling-dd-015,,,high,Standalone ICAS Spelling subject is outside Victorian Curriculum Mathematics & English scope (integrated English Language/Spelling only).,out_of_scope
spelling,3,Visual,Long vowel sounds,Spelling a long vowel with the silent 'e' (magic e) pattern,1,icas-y3-spelling-a-002,,,high,Standalone ICAS Spelling subject is outside Victorian Curriculum Mathematics & English scope (integrated English Language/Spelling only).,out_of_scope
spelling,3,Visual,Proofreading,Proofreading: find the one misspelt word,1,icas-y3-spelling-b-017,,,high,Standalone ICAS Spelling subject is outside Victorian Curriculum Mathematics & English scope (integrated English Language/Spelling only).,out_of_scope
spelling,3,Visual,Proofreading,Proofreading: select the two misspelt words,1,icas-y3-spelling-b-018,,,high,Standalone ICAS Spelling subject is outside Victorian Curriculum Mathematics & English scope (integrated English Language/Spelling only).,out_of_scope
spelling,3,Visual,Silent letters,Identifying missing silent letters,1,icas-y3-spelling-f1-010,,,high,Standalone ICAS Spelling subject is outside Victorian Curriculum Mathematics & English scope (integrated English Language/Spelling only).,out_of_scope
spelling,3,Visual,Silent letters,Silent letter b in 'climb',1,icas-y3-spelling-b-016,,,high,Standalone ICAS Spelling subject is outside Victorian Curriculum Mathematics & English scope (integrated English Language/Spelling only).,out_of_scope
spelling,3,Visual,Silent letters,Spelling words that begin with a silent 'w' before 'r',1,icas-y3-spelling-dc-008,,,high,Standalone ICAS Spelling subject is outside Victorian Curriculum Mathematics & English scope (integrated English Language/Spelling only).,out_of_scope
spelling,3,Visual,Silent letters,Spelling words with a silent 'b' after 'm',1,icas-y3-spelling-dd-007,,,high,Standalone ICAS Spelling subject is outside Victorian Curriculum Mathematics & English scope (integrated English Language/Spelling only).,out_of_scope
spelling,3,Visual,Silent letters,Spelling words with a silent 't' (castle),1,icas-y3-spelling-dd-008,,,high,Standalone ICAS Spelling subject is outside Victorian Curriculum Mathematics & English scope (integrated English Language/Spelling only).,out_of_scope
spelling,3,Visual,Silent letters,Spelling words with a silent k,1,icas-y3-spelling-f1-002,,,high,Standalone ICAS Spelling subject is outside Victorian Curriculum Mathematics & English scope (integrated English Language/Spelling only).,out_of_scope
spelling,3,Visual,Silent letters (kn),Spelling words that begin with a silent 'k' before 'n',1,icas-y3-spelling-da-003,,,high,Standalone ICAS Spelling subject is outside Victorian Curriculum Mathematics & English scope (integrated English Language/Spelling only).,out_of_scope
spelling,3,Visual,Single vs double letters,Knowing that 'bus' is spelled with one 's',1,icas-y3-spelling-da-009,,,high,Standalone ICAS Spelling subject is outside Victorian Curriculum Mathematics & English scope (integrated English Language/Spelling only).,out_of_scope
spelling,3,Visual,their / there / they're,Choosing the possessive homophone 'their',1,icas-y3-spelling-da-013,,,high,Standalone ICAS Spelling subject is outside Victorian Curriculum Mathematics & English scope (integrated English Language/Spelling only).,out_of_scope
spelling,3,Visual,Tricky high-frequency words,Spelling the tricky word 'because',1,icas-y3-spelling-b-009,,,high,Standalone ICAS Spelling subject is outside Victorian Curriculum Mathematics & English scope (integrated English Language/Spelling only).,out_of_scope
spelling,3,Visual,Tricky high-frequency words,Spelling the tricky word 'friend',1,icas-y3-spelling-b-010,,,high,Standalone ICAS Spelling subject is outside Victorian Curriculum Mathematics & English scope (integrated English Language/Spelling only).,out_of_scope
spelling,3,Visual,Tricky high-frequency words,Spelling the tricky word 'said',1,icas-y3-spelling-b-011,,,high,Standalone ICAS Spelling subject is outside Victorian Curriculum Mathematics & English scope (integrated English Language/Spelling only).,out_of_scope
spelling,3,Visual,Tricky high-frequency words,Spelling the tricky word 'they',1,icas-y3-spelling-b-012,,,high,Standalone ICAS Spelling subject is outside Victorian Curriculum Mathematics & English scope (integrated English Language/Spelling only).,out_of_scope
spelling,3,Visual,Tricky high-frequency words,Spelling the tricky word 'was',1,icas-y3-spelling-b-013,,,high,Standalone ICAS Spelling subject is outside Victorian Curriculum Mathematics & English scope (integrated English Language/Spelling only).,out_of_scope
spelling,3,Visual,Tricky words,Spelling the tricky word 'friend' with 'ie' in the middle,1,icas-y3-spelling-da-010,,,high,Standalone ICAS Spelling subject is outside Victorian Curriculum Mathematics & English scope (integrated English Language/Spelling only).,out_of_scope
spelling,3,Visual,Word meaning and spelling,Choosing between the homophones 'wood' and 'would',1,icas-y3-spelling-dd-004,,,high,Standalone ICAS Spelling subject is outside Victorian Curriculum Mathematics & English scope (integrated English Language/Spelling only).,out_of_scope
digital_technologies,5,Digital Systems,Digital technologies reasoning,Apply digital technologies concepts,6,"icas-y5-digital_technologies-b01-001, icas-y5-digital_technologies-b01-006",,,high,ICAS Digital Technologies is outside Victorian Curriculum Mathematics & English L3–L5 scope.,out_of_scope
digital_technologies,5,Internet & Email,Digital technologies reasoning,Apply digital technologies concepts,6,"icas-y5-digital_technologies-b01-004, icas-y5-digital_technologies-b01-005",,,high,ICAS Digital Technologies is outside Victorian Curriculum Mathematics & English L3–L5 scope.,out_of_scope
digital_technologies,5,Programming,Digital technologies reasoning,Apply digital technologies concepts,11,"icas-y5-digital_technologies-b01-003, icas-y5-digital_technologies-b01-007",,,high,ICAS Digital Technologies is outside Victorian Curriculum Mathematics & English L3–L5 scope.,out_of_scope
digital_technologies,5,Spreadsheets & Databases,Digital technologies reasoning,Apply digital technologies concepts,12,"icas-y5-digital_technologies-b01-002, icas-y5-digital_technologies-b01-009",,,high,ICAS Digital Technologies is outside Victorian Curriculum Mathematics & English L3–L5 scope.,out_of_scope
spelling,5,Etymological,Greek roots,Combine two roots into a single word,1,icas-y5-spelling-b01-045,,,high,Standalone ICAS Spelling subject is outside Victorian Curriculum Mathematics & English scope (integrated English Language/Spelling only).,out_of_scope
spelling,5,Morphological,Adding -ly to words ending in l,Keep both l letters when -ly follows a final l,1,icas-y5-spelling-b01-015,,,high,Standalone ICAS Spelling subject is outside Victorian Curriculum Mathematics & English scope (integrated English Language/Spelling only).,out_of_scope
spelling,5,Morphological,Adding -ly to words ending in le,Drop the final e of a le ending before -ly,1,icas-y5-spelling-b01-018,,,high,Standalone ICAS Spelling subject is outside Victorian Curriculum Mathematics & English scope (integrated English Language/Spelling only).,out_of_scope
spelling,5,Morphological,Building nouns with -ity,Keep the ible vowel when adding -ity,1,icas-y5-spelling-b01-037,,,high,Standalone ICAS Spelling subject is outside Victorian Curriculum Mathematics & English scope (integrated English Language/Spelling only).,out_of_scope
spelling,5,Morphological,Doubling a final consonant,Double the final consonant of a stressed syllable,1,icas-y5-spelling-b01-029,,,high,Standalone ICAS Spelling subject is outside Victorian Curriculum Mathematics & English scope (integrated English Language/Spelling only).,out_of_scope
spelling,5,Morphological,Doubling l before a suffix,Apply the Australian double-l rule before -ed,1,icas-y5-spelling-b01-028,,,high,Standalone ICAS Spelling subject is outside Victorian Curriculum Mathematics & English scope (integrated English Language/Spelling only).,out_of_scope
spelling,5,Morphological,Greek singular and plural pairs,Recover the is singular from an es plural,1,icas-y5-spelling-b01-038,,,high,Standalone ICAS Spelling subject is outside Victorian Curriculum Mathematics & English scope (integrated English Language/Spelling only).,out_of_scope
spelling,5,Morphological,Irregular plurals,Change f to ves when forming a plural,1,icas-y5-spelling-b01-002,,,high,Standalone ICAS Spelling subject is outside Victorian Curriculum Mathematics & English scope (integrated English Language/Spelling only).,out_of_scope
spelling,5,Morphological,Irregular plurals,Recall an irregular plural form,1,icas-y5-spelling-b01-013,,,high,Standalone ICAS Spelling subject is outside Victorian Curriculum Mathematics & English scope (integrated English Language/Spelling only).,out_of_scope
spelling,5,Morphological,Keeping e to protect a soft g,Retain the e before -ous after a soft g,1,icas-y5-spelling-b01-031,,,high,Standalone ICAS Spelling subject is outside Victorian Curriculum Mathematics & English scope (integrated English Language/Spelling only).,out_of_scope
spelling,5,Morphological,Negative prefixes,Add the prefix un- to form an opposite,1,icas-y5-spelling-b01-007,,,high,Standalone ICAS Spelling subject is outside Victorian Curriculum Mathematics & English scope (integrated English Language/Spelling only).,out_of_scope
spelling,5,Morphological,Plurals of words ending in y,Change y to ies after a consonant,1,icas-y5-spelling-b01-009,,,high,Standalone ICAS Spelling subject is outside Victorian Curriculum Mathematics & English scope (integrated English Language/Spelling only).,out_of_scope
spelling,5,Morphological,Roots and suffixes,Build meaning from the root vis and a suffix,1,icas-y5-spelling-b01-023,,,high,Standalone ICAS Spelling subject is outside Victorian Curriculum Mathematics & English scope (integrated English Language/Spelling only).,out_of_scope
spelling,5,Morphological,Silent e before a suffix,Drop the silent e before a vowel suffix,1,icas-y5-spelling-b01-005,,,high,Standalone ICAS Spelling subject is outside Victorian Curriculum Mathematics & English scope (integrated English Language/Spelling only).,out_of_scope
spelling,5,Morphological,Suffixes naming people,Form an agent noun with the suffix -ist,1,icas-y5-spelling-b01-011,,,high,Standalone ICAS Spelling subject is outside Victorian Curriculum Mathematics & English scope (integrated English Language/Spelling only).,out_of_scope
spelling,5,Morphological,The -or and -er endings,Choose -or for an agent noun that takes it,1,icas-y5-spelling-b01-016,,,high,Standalone ICAS Spelling subject is outside Victorian Curriculum Mathematics & English scope (integrated English Language/Spelling only).,out_of_scope
spelling,5,Morphological,The prefix re-,Join a prefix without altering the base word,1,icas-y5-spelling-b01-042,,,high,Standalone ICAS Spelling subject is outside Victorian Curriculum Mathematics & English scope (integrated English Language/Spelling only).,out_of_scope
spelling,5,Morphological,The sci letter group,Spell sci words ending in -ous,1,icas-y5-spelling-b01-035,,,high,Standalone ICAS Spelling subject is outside Victorian Curriculum Mathematics & English scope (integrated English Language/Spelling only).,out_of_scope
spelling,5,Morphological,Vowel-change plurals,Form a plural by changing the internal vowel,1,icas-y5-spelling-b01-022,,,high,Standalone ICAS Spelling subject is outside Victorian Curriculum Mathematics & English scope (integrated English Language/Spelling only).,out_of_scope
spelling,5,Morphological,y to i before a suffix,Change y to i and add -ful,1,icas-y5-spelling-b01-026,,,high,Standalone ICAS Spelling subject is outside Victorian Curriculum Mathematics & English scope (integrated English Language/Spelling only).,out_of_scope
spelling,5,Phonological,ch spelling the /sh/ sound,Recognise French-derived ch spellings,1,icas-y5-spelling-b01-027,,,high,Standalone ICAS Spelling subject is outside Victorian Curriculum Mathematics & English scope (integrated English Language/Spelling only).,out_of_scope
spelling,5,Phonological,Consonant clusters in longer words,Complete a cluster inside a multisyllabic word,1,icas-y5-spelling-b01-024,,,high,Standalone ICAS Spelling subject is outside Victorian Curriculum Mathematics & English scope (integrated English Language/Spelling only).,out_of_scope
spelling,5,Phonological,Greek letter patterns,Spell a word using rh and y as a vowel,1,icas-y5-spelling-b01-019,,,high,Standalone ICAS Spelling subject is outside Victorian Curriculum Mathematics & English scope (integrated English Language/Spelling only).,out_of_scope
spelling,5,Phonological,ie and ei patterns,Apply the ei-after-c pattern,1,icas-y5-spelling-b01-001,,,high,Standalone ICAS Spelling subject is outside Victorian Curriculum Mathematics & English scope (integrated English Language/Spelling only).,out_of_scope
spelling,5,Phonological,Unclear vowels in familiar words,Use a related word to fix an unstressed vowel,1,icas-y5-spelling-b01-043,,,high,Standalone ICAS Spelling subject is outside Victorian Curriculum Mathematics & English scope (integrated English Language/Spelling only).,out_of_scope
spelling,5,Phonological,Unstressed middle vowels,Spell an unclear middle vowel correctly,1,icas-y5-spelling-b01-021,,,high,Standalone ICAS Spelling subject is outside Victorian Curriculum Mathematics & English scope (integrated English Language/Spelling only).,out_of_scope
spelling,5,Phonological,Unstressed syllables in long words,Spell a reduced middle syllable,1,icas-y5-spelling-b01-036,,,high,Standalone ICAS Spelling subject is outside Victorian Curriculum Mathematics & English scope (integrated English Language/Spelling only).,out_of_scope
spelling,5,Phonological,Vowel pairs that do not follow the sound,Recall the ie order in friend,1,icas-y5-spelling-b01-012,,,high,Standalone ICAS Spelling subject is outside Victorian Curriculum Mathematics & English scope (integrated English Language/Spelling only).,out_of_scope
spelling,5,Visual,advice and advise,Separate the c noun from the s verb,1,icas-y5-spelling-b01-017,,,high,Standalone ICAS Spelling subject is outside Victorian Curriculum Mathematics & English scope (integrated English Language/Spelling only).,out_of_scope
spelling,5,Visual,board and bored,Spell the homophone matching a given meaning,1,icas-y5-spelling-b01-030,,,high,Standalone ICAS Spelling subject is outside Victorian Curriculum Mathematics & English scope (integrated English Language/Spelling only).,out_of_scope
spelling,5,Visual,Choosing between ance and ence,Select the ance ending for an abstract noun,1,icas-y5-spelling-b01-044,,,high,Standalone ICAS Spelling subject is outside Victorian Curriculum Mathematics & English scope (integrated English Language/Spelling only).,out_of_scope
spelling,5,Visual,hear and here,Choose the homophone matching the meaning,1,icas-y5-spelling-b01-010,,,high,Standalone ICAS Spelling subject is outside Victorian Curriculum Mathematics & English scope (integrated English Language/Spelling only).,out_of_scope
spelling,5,Visual,its and it's,Distinguish the possessive its from the contraction it's,1,icas-y5-spelling-b01-003,,,high,Standalone ICAS Spelling subject is outside Victorian Curriculum Mathematics & English scope (integrated English Language/Spelling only).,out_of_scope
spelling,5,Visual,passed and past,Use the verb form passed in a past-tense sentence,1,icas-y5-spelling-b01-025,,,high,Standalone ICAS Spelling subject is outside Victorian Curriculum Mathematics & English scope (integrated English Language/Spelling only).,out_of_scope
spelling,5,Visual,practise and practice,Apply the Australian verb and noun spelling split,1,icas-y5-spelling-b01-040,,,high,Standalone ICAS Spelling subject is outside Victorian Curriculum Mathematics & English scope (integrated English Language/Spelling only).,out_of_scope
spelling,5,Visual,principle and principal,Match the le spelling to the meaning rule,1,icas-y5-spelling-b01-039,,,high,Standalone ICAS Spelling subject is outside Victorian Curriculum Mathematics & English scope (integrated English Language/Spelling only).,out_of_scope
spelling,5,Visual,Proofreading for missing letters,Find a word with an omitted letter,1,icas-y5-spelling-b01-004,,,high,Standalone ICAS Spelling subject is outside Victorian Curriculum Mathematics & English scope (integrated English Language/Spelling only).,out_of_scope
spelling,5,Visual,Silent letters,Spell words with an initial silent k,1,icas-y5-spelling-b01-008,,,high,Standalone ICAS Spelling subject is outside Victorian Curriculum Mathematics & English scope (integrated English Language/Spelling only).,out_of_scope
spelling,5,Visual,Single and double consonants,Decide which consonant doubles,1,icas-y5-spelling-b01-041,,,high,Standalone ICAS Spelling subject is outside Victorian Curriculum Mathematics & English scope (integrated English Language/Spelling only).,out_of_scope
spelling,5,Visual,stationery and stationary,Choose between an a and e homophone pair,1,icas-y5-spelling-b01-033,,,high,Standalone ICAS Spelling subject is outside Victorian Curriculum Mathematics & English scope (integrated English Language/Spelling only).,out_of_scope
spelling,5,Visual,The ence and ance endings,Correct a word ending in ence,1,icas-y5-spelling-b01-034,,,high,Standalone ICAS Spelling subject is outside Victorian Curriculum Mathematics & English scope (integrated English Language/Spelling only).,out_of_scope
spelling,5,Visual,The silent t in stle words,Supply a silent letter inside a word,1,icas-y5-spelling-b01-032,,,high,Standalone ICAS Spelling subject is outside Victorian Curriculum Mathematics & English scope (integrated English Language/Spelling only).,out_of_scope
spelling,5,Visual,"their, there and they're",Select the possessive form of a three-way homophone,1,icas-y5-spelling-b01-020,,,high,Standalone ICAS Spelling subject is outside Victorian Curriculum Mathematics & English scope (integrated English Language/Spelling only).,out_of_scope
spelling,5,Visual,"through, threw and similar words",Select the confusable word that fits the meaning,1,icas-y5-spelling-b01-006,,,high,Standalone ICAS Spelling subject is outside Victorian Curriculum Mathematics & English scope (integrated English Language/Spelling only).,out_of_scope
spelling,5,Visual,wh words and silent letters,Complete a word beginning with wh,1,icas-y5-spelling-b01-014,,,high,Standalone ICAS Spelling subject is outside Victorian Curriculum Mathematics & English scope (integrated English Language/Spelling only).,out_of_scope